#term ID	term description	observed gene count	background gene count	strength	signal	false discovery rate	matching proteins in your network (IDs)	matching proteins in your network (labels)
hsa04145	Phagosome	5	141	1.18	0.68	0.0058	9606.ENSP00000276390,9606.ENSP00000320295,9606.ENSP00000339001,9606.ENSP00000341289,9606.ENSP00000369703	ATP6V1B2,TUBB3,TUBB,TUBB4B,TUBB2A
hsa05014	Amyotrophic lateral sclerosis	7	350	0.93	0.6	0.0058	9606.ENSP00000254286,9606.ENSP00000311997,9606.ENSP00000320295,9606.ENSP00000339001,9606.ENSP00000341289,9606.ENSP00000369703,9606.ENSP00000411256	ACTR10,NEFH,TUBB3,TUBB,TUBB4B,TUBB2A,GABARAPL1
hsa04540	Gap junction	4	87	1.29	0.69	0.0067	9606.ENSP00000320295,9606.ENSP00000339001,9606.ENSP00000341289,9606.ENSP00000369703	TUBB3,TUBB,TUBB4B,TUBB2A
hsa05012	Parkinson disease	5	236	0.96	0.5	0.0199	9606.ENSP00000284440,9606.ENSP00000320295,9606.ENSP00000339001,9606.ENSP00000341289,9606.ENSP00000369703	UCHL1,TUBB3,TUBB,TUBB4B,TUBB2A
hsa05016	Huntington disease	5	295	0.86	0.4	0.0433	9606.ENSP00000254286,9606.ENSP00000320295,9606.ENSP00000339001,9606.ENSP00000341289,9606.ENSP00000369703	ACTR10,TUBB3,TUBB,TUBB4B,TUBB2A
