#term ID	term description	observed gene count	background gene count	strength	signal	false discovery rate	matching proteins in your network (IDs)	matching proteins in your network (labels)
HSA-1445148	Translocation of SLC2A4 (GLUT4) to the plasma membrane	4	71	1.38	0.7	0.0072	9606.ENSP00000306330,9606.ENSP00000320295,9606.ENSP00000341289,9606.ENSP00000369703	YWHAG,TUBB3,TUBB4B,TUBB2A
HSA-190840	Microtubule-dependent trafficking of connexons from Golgi to the plasma membrane	3	19	1.83	0.75	0.0072	9606.ENSP00000320295,9606.ENSP00000341289,9606.ENSP00000369703	TUBB3,TUBB4B,TUBB2A
HSA-2262752	Cellular responses to stress	9	747	0.71	0.5	0.0072	9606.ENSP00000231487,9606.ENSP00000254286,9606.ENSP00000276390,9606.ENSP00000300086,9606.ENSP00000320295,9606.ENSP00000341289,9606.ENSP00000369703,9606.ENSP00000411672,9606.ENSP00000417378	SKP1,ACTR10,ATP6V1B2,TERF2IP,TUBB3,TUBB4B,TUBB2A,ATP6V0E2,ATP6V1F
HSA-2565942	Regulation of PLK1 Activity at G2/M Transition	4	87	1.29	0.68	0.0072	9606.ENSP00000231487,9606.ENSP00000306330,9606.ENSP00000339001,9606.ENSP00000341289	SKP1,YWHAG,TUBB,TUBB4B
HSA-3371497	HSP90 chaperone cycle for steroid hormone receptors (SHR) in the presence of ligand	4	55	1.49	0.72	0.0072	9606.ENSP00000254286,9606.ENSP00000320295,9606.ENSP00000341289,9606.ENSP00000369703	ACTR10,TUBB3,TUBB4B,TUBB2A
HSA-380320	Recruitment of NuMA to mitotic centrosomes	5	93	1.36	0.7	0.0072	9606.ENSP00000306330,9606.ENSP00000320295,9606.ENSP00000339001,9606.ENSP00000341289,9606.ENSP00000369703	YWHAG,TUBB3,TUBB,TUBB4B,TUBB2A
HSA-389957	Prefoldin mediated transfer of substrate  to CCT/TriC	3	27	1.68	0.74	0.0072	9606.ENSP00000320295,9606.ENSP00000341289,9606.ENSP00000369703	TUBB3,TUBB4B,TUBB2A
HSA-389960	Formation of tubulin folding intermediates by CCT/TriC	3	25	1.71	0.74	0.0072	9606.ENSP00000320295,9606.ENSP00000341289,9606.ENSP00000369703	TUBB3,TUBB4B,TUBB2A
HSA-389977	Post-chaperonin tubulin folding pathway	3	22	1.77	0.75	0.0072	9606.ENSP00000320295,9606.ENSP00000341289,9606.ENSP00000369703	TUBB3,TUBB4B,TUBB2A
HSA-390466	Chaperonin-mediated protein folding	4	91	1.27	0.68	0.0072	9606.ENSP00000294117,9606.ENSP00000320295,9606.ENSP00000341289,9606.ENSP00000369703	GNG3,TUBB3,TUBB4B,TUBB2A
HSA-5626467	RHO GTPases activate IQGAPs	3	31	1.62	0.73	0.0072	9606.ENSP00000320295,9606.ENSP00000341289,9606.ENSP00000369703	TUBB3,TUBB4B,TUBB2A
HSA-6807878	COPI-mediated anterograde transport	5	101	1.33	0.69	0.0072	9606.ENSP00000254286,9606.ENSP00000320295,9606.ENSP00000341289,9606.ENSP00000369703,9606.ENSP00000482826	ACTR10,TUBB3,TUBB4B,TUBB2A,NAPB
HSA-6811436	COPI-independent Golgi-to-ER retrograde traffic	4	52	1.52	0.72	0.0072	9606.ENSP00000254286,9606.ENSP00000320295,9606.ENSP00000341289,9606.ENSP00000369703	ACTR10,TUBB3,TUBB4B,TUBB2A
HSA-6811442	Intra-Golgi and retrograde Golgi-to-ER traffic	6	201	1.11	0.64	0.0072	9606.ENSP00000254286,9606.ENSP00000320295,9606.ENSP00000341289,9606.ENSP00000369703,9606.ENSP00000477352,9606.ENSP00000482826	ACTR10,TUBB3,TUBB4B,TUBB2A,SCOC,NAPB
HSA-69275	G2/M Transition	6	195	1.12	0.64	0.0072	9606.ENSP00000231487,9606.ENSP00000306330,9606.ENSP00000320295,9606.ENSP00000339001,9606.ENSP00000341289,9606.ENSP00000369703	SKP1,YWHAG,TUBB3,TUBB,TUBB4B,TUBB2A
HSA-77387	Insulin receptor recycling	3	30	1.63	0.73	0.0072	9606.ENSP00000276390,9606.ENSP00000411672,9606.ENSP00000417378	ATP6V1B2,ATP6V0E2,ATP6V1F
HSA-8856688	Golgi-to-ER retrograde transport	5	133	1.21	0.66	0.0072	9606.ENSP00000254286,9606.ENSP00000320295,9606.ENSP00000341289,9606.ENSP00000369703,9606.ENSP00000482826	ACTR10,TUBB3,TUBB4B,TUBB2A,NAPB
HSA-917937	Iron uptake and transport	4	58	1.47	0.71	0.0072	9606.ENSP00000231487,9606.ENSP00000276390,9606.ENSP00000411672,9606.ENSP00000417378	SKP1,ATP6V1B2,ATP6V0E2,ATP6V1F
HSA-917977	Transferrin endocytosis and recycling	3	31	1.62	0.73	0.0072	9606.ENSP00000276390,9606.ENSP00000411672,9606.ENSP00000417378	ATP6V1B2,ATP6V0E2,ATP6V1F
HSA-9619483	Activation of AMPK downstream of NMDARs	3	28	1.66	0.74	0.0072	9606.ENSP00000320295,9606.ENSP00000341289,9606.ENSP00000369703	TUBB3,TUBB4B,TUBB2A
HSA-9668328	Sealing of the nuclear envelope (NE) by ESCRT-III	3	31	1.62	0.73	0.0072	9606.ENSP00000320295,9606.ENSP00000341289,9606.ENSP00000369703	TUBB3,TUBB4B,TUBB2A
HSA-1222556	ROS and RNS production in phagocytes	3	36	1.55	0.72	0.0076	9606.ENSP00000276390,9606.ENSP00000411672,9606.ENSP00000417378	ATP6V1B2,ATP6V0E2,ATP6V1F
HSA-199991	Membrane Trafficking	8	626	0.74	0.51	0.0076	9606.ENSP00000254286,9606.ENSP00000261205,9606.ENSP00000306330,9606.ENSP00000320295,9606.ENSP00000341289,9606.ENSP00000369703,9606.ENSP00000477352,9606.ENSP00000482826	ACTR10,SYT1,YWHAG,TUBB3,TUBB4B,TUBB2A,SCOC,NAPB
HSA-6811434	COPI-dependent Golgi-to-ER retrograde traffic	4	99	1.24	0.67	0.0076	9606.ENSP00000320295,9606.ENSP00000341289,9606.ENSP00000369703,9606.ENSP00000482826	TUBB3,TUBB4B,TUBB2A,NAPB
HSA-5617833	Cilium Assembly	5	200	1.03	0.61	0.0079	9606.ENSP00000306330,9606.ENSP00000320295,9606.ENSP00000339001,9606.ENSP00000341289,9606.ENSP00000369703	YWHAG,TUBB3,TUBB,TUBB4B,TUBB2A
HSA-5610787	Hedgehog off state	4	111	1.19	0.63	0.0095	9606.ENSP00000231487,9606.ENSP00000320295,9606.ENSP00000341289,9606.ENSP00000369703	SKP1,TUBB3,TUBB4B,TUBB2A
HSA-9646399	Aggrephagy	3	42	1.49	0.68	0.0097	9606.ENSP00000320295,9606.ENSP00000341289,9606.ENSP00000369703	TUBB3,TUBB4B,TUBB2A
HSA-9609736	Assembly and cell surface presentation of NMDA receptors	3	43	1.48	0.67	0.0101	9606.ENSP00000320295,9606.ENSP00000341289,9606.ENSP00000369703	TUBB3,TUBB4B,TUBB2A
HSA-8955332	Carboxyterminal post-translational modifications of tubulin	3	45	1.46	0.65	0.0111	9606.ENSP00000320295,9606.ENSP00000341289,9606.ENSP00000369703	TUBB3,TUBB4B,TUBB2A
HSA-2132295	MHC class II antigen presentation	4	122	1.15	0.59	0.0120	9606.ENSP00000254286,9606.ENSP00000320295,9606.ENSP00000341289,9606.ENSP00000369703	ACTR10,TUBB3,TUBB4B,TUBB2A
HSA-437239	Recycling pathway of L1	3	48	1.43	0.63	0.0127	9606.ENSP00000320295,9606.ENSP00000341289,9606.ENSP00000369703	TUBB3,TUBB4B,TUBB2A
HSA-5663205	Infectious disease	9	917	0.62	0.43	0.0129	9606.ENSP00000231487,9606.ENSP00000261205,9606.ENSP00000294117,9606.ENSP00000306330,9606.ENSP00000310623,9606.ENSP00000320295,9606.ENSP00000339001,9606.ENSP00000341289,9606.ENSP00000369703	SKP1,SYT1,GNG3,YWHAG,ISCU,TUBB3,TUBB,TUBB4B,TUBB2A
HSA-5620924	Intraflagellar transport	3	53	1.38	0.6	0.0153	9606.ENSP00000320295,9606.ENSP00000341289,9606.ENSP00000369703	TUBB3,TUBB4B,TUBB2A
HSA-5663220	RHO GTPases Activate Formins	4	139	1.09	0.54	0.0166	9606.ENSP00000239940,9606.ENSP00000320295,9606.ENSP00000341289,9606.ENSP00000369703	PFN2,TUBB3,TUBB4B,TUBB2A
HSA-9639288	Amino acids regulate mTORC1	3	55	1.37	0.59	0.0166	9606.ENSP00000276390,9606.ENSP00000411672,9606.ENSP00000417378	ATP6V1B2,ATP6V0E2,ATP6V1F
HSA-112315	Transmission across Chemical Synapses	5	268	0.9	0.48	0.0199	9606.ENSP00000261205,9606.ENSP00000294117,9606.ENSP00000320295,9606.ENSP00000341289,9606.ENSP00000369703	SYT1,GNG3,TUBB3,TUBB4B,TUBB2A
HSA-983189	Kinesins	3	60	1.33	0.56	0.0199	9606.ENSP00000320295,9606.ENSP00000341289,9606.ENSP00000369703	TUBB3,TUBB4B,TUBB2A
HSA-195258	RHO GTPase Effectors	5	292	0.87	0.44	0.0276	9606.ENSP00000239940,9606.ENSP00000306330,9606.ENSP00000320295,9606.ENSP00000341289,9606.ENSP00000369703	PFN2,YWHAG,TUBB3,TUBB4B,TUBB2A
HSA-380259	Loss of Nlp from mitotic centrosomes	3	69	1.27	0.51	0.0276	9606.ENSP00000306330,9606.ENSP00000339001,9606.ENSP00000341289	YWHAG,TUBB,TUBB4B
HSA-8854518	AURKA Activation by TPX2	3	72	1.25	0.5	0.0295	9606.ENSP00000306330,9606.ENSP00000339001,9606.ENSP00000341289	YWHAG,TUBB,TUBB4B
HSA-1640170	Cell Cycle	7	658	0.66	0.38	0.0320	9606.ENSP00000231487,9606.ENSP00000300086,9606.ENSP00000306330,9606.ENSP00000320295,9606.ENSP00000339001,9606.ENSP00000341289,9606.ENSP00000369703	SKP1,TERF2IP,YWHAG,TUBB3,TUBB,TUBB4B,TUBB2A
HSA-8852276	The role of GTSE1 in G2/M progression after G2 checkpoint	3	77	1.22	0.48	0.0332	9606.ENSP00000320295,9606.ENSP00000341289,9606.ENSP00000369703	TUBB3,TUBB4B,TUBB2A
HSA-194315	Signaling by Rho GTPases	7	672	0.65	0.37	0.0349	9606.ENSP00000239940,9606.ENSP00000306330,9606.ENSP00000319281,9606.ENSP00000320295,9606.ENSP00000341289,9606.ENSP00000369703,9606.ENSP00000429243	PFN2,YWHAG,BASP1,TUBB3,TUBB4B,TUBB2A,STMN2
HSA-380270	Recruitment of mitotic centrosome proteins and complexes	3	80	1.21	0.47	0.0357	9606.ENSP00000306330,9606.ENSP00000339001,9606.ENSP00000341289	YWHAG,TUBB,TUBB4B
HSA-112314	Neurotransmitter receptors and postsynaptic signal transmission	4	204	0.92	0.4	0.0471	9606.ENSP00000294117,9606.ENSP00000320295,9606.ENSP00000341289,9606.ENSP00000369703	GNG3,TUBB3,TUBB4B,TUBB2A
HSA-162582	Signal Transduction	14	2540	0.37	0.27	0.0485	9606.ENSP00000231487,9606.ENSP00000239940,9606.ENSP00000276390,9606.ENSP00000294117,9606.ENSP00000306330,9606.ENSP00000319281,9606.ENSP00000320295,9606.ENSP00000341289,9606.ENSP00000361728,9606.ENSP00000364847,9606.ENSP00000369703,9606.ENSP00000411672,9606.ENSP00000417378,9606.ENSP00000429243	SKP1,PFN2,ATP6V1B2,GNG3,YWHAG,BASP1,TUBB3,TUBB4B,BEX3,MAGED1,TUBB2A,ATP6V0E2,ATP6V1F,STMN2
