#term ID	term description	observed gene count	background gene count	strength	signal	false discovery rate	matching proteins in your network (IDs)	matching proteins in your network (labels)
hsa03010	Ribosome	41	131	1.49	6.99	9.05e-43	9606.ENSP00000225430,9606.ENSP00000230050,9606.ENSP00000259469,9606.ENSP00000270625,9606.ENSP00000274242,9606.ENSP00000294189,9606.ENSP00000296674,9606.ENSP00000307889,9606.ENSP00000311430,9606.ENSP00000339795,9606.ENSP00000341885,9606.ENSP00000346015,9606.ENSP00000346027,9606.ENSP00000346050,9606.ENSP00000354739,9606.ENSP00000355315,9606.ENSP00000361076,9606.ENSP00000369757,9606.ENSP00000375730,9606.ENSP00000377640,9606.ENSP00000378163,9606.ENSP00000379339,9606.ENSP00000388107,9606.ENSP00000389103,9606.ENSP00000393241,9606.ENSP00000403172,9606.ENSP00000404375,9606.ENSP00000414321,9606.ENSP00000416429,9606.ENSP00000418082,9606.ENSP00000428085,9606.ENSP00000429374,9606.ENSP00000447001,9606.ENSP00000449328,9606.ENSP00000466010,9606.ENSP00000470972,9606.ENSP00000472985,9606.ENSP00000481646,9606.ENSP00000496250,9606.ENSP00000498019,9606.ENSP00000499044	RPL19,RPS12,RPL35,RPS11,RPL37,RPL29,RPS23,RPL13,RPL4,RPL7,RPS2,RPL27A,RPL21,RPS3A,RPL12,RPL39,RPL7A,RPS6,RPL13A,RPL24,RPL34,RPS29,UBA52,RPL23A,RPS18,RPL6,RPL36A,RPS24,RPL32,RPL37A,RPL30,RPS20,RPL18,RPLP0,RPS15,RPS19,RPS5,RPS10,RPL11,RPS17,RPS27
hsa05012	Parkinson disease	25	236	1.02	2.41	2.17e-15	9606.ENSP00000258424,9606.ENSP00000262030,9606.ENSP00000270349,9606.ENSP00000276689,9606.ENSP00000284440,9606.ENSP00000306397,9606.ENSP00000309565,9606.ENSP00000320295,9606.ENSP00000330737,9606.ENSP00000339001,9606.ENSP00000341289,9606.ENSP00000349142,9606.ENSP00000359098,9606.ENSP00000361635,9606.ENSP00000362058,9606.ENSP00000367939,9606.ENSP00000369703,9606.ENSP00000370571,9606.ENSP00000381736,9606.ENSP00000388107,9606.ENSP00000425759,9606.ENSP00000429707,9606.ENSP00000458770,9606.ENSP00000496339,9606.ENSP00000497474	COX5B,ATP5F1B,SLC6A3,NDUFB9,UCHL1,UQCRFS1,UQCRH,TUBB3,NDUFA12,TUBB,TUBB4B,ATP5F1C,COX7A2,VDAC2,NDUFS5,UQCRQ,TUBB2A,TH,ATP5F1A,UBA52,COX7C,COX6C,NDUFAB1,SLC18A2,COX7B
hsa00190	Oxidative phosphorylation	20	128	1.19	2.76	3.45e-15	9606.ENSP00000253413,9606.ENSP00000258424,9606.ENSP00000262030,9606.ENSP00000273398,9606.ENSP00000276390,9606.ENSP00000276689,9606.ENSP00000290949,9606.ENSP00000302194,9606.ENSP00000306397,9606.ENSP00000309565,9606.ENSP00000330737,9606.ENSP00000349142,9606.ENSP00000359098,9606.ENSP00000362058,9606.ENSP00000367939,9606.ENSP00000381736,9606.ENSP00000425759,9606.ENSP00000429707,9606.ENSP00000458770,9606.ENSP00000497474	ATP6V1E1,COX5B,ATP5F1B,ATP6V1A,ATP6V1B2,NDUFB9,ATP6V0D1,ATP6V1G2,UQCRFS1,UQCRH,NDUFA12,ATP5F1C,COX7A2,NDUFS5,UQCRQ,ATP5F1A,COX7C,COX6C,NDUFAB1,COX7B
hsa05014	Amyotrophic lateral sclerosis	24	350	0.83	1.64	3.86e-11	9606.ENSP00000221166,9606.ENSP00000254286,9606.ENSP00000258424,9606.ENSP00000262030,9606.ENSP00000276689,9606.ENSP00000306397,9606.ENSP00000309565,9606.ENSP00000311997,9606.ENSP00000320295,9606.ENSP00000330737,9606.ENSP00000339001,9606.ENSP00000341289,9606.ENSP00000349142,9606.ENSP00000359098,9606.ENSP00000362058,9606.ENSP00000367939,9606.ENSP00000369703,9606.ENSP00000381736,9606.ENSP00000411256,9606.ENSP00000425759,9606.ENSP00000429707,9606.ENSP00000458770,9606.ENSP00000482169,9606.ENSP00000497474	NEFM,ACTR10,COX5B,ATP5F1B,NDUFB9,UQCRFS1,UQCRH,NEFH,TUBB3,NDUFA12,TUBB,TUBB4B,ATP5F1C,COX7A2,NDUFS5,UQCRQ,TUBB2A,ATP5F1A,GABARAPL1,COX7C,COX6C,NDUFAB1,NEFL,COX7B
hsa05016	Huntington disease	21	295	0.85	1.56	5.03e-10	9606.ENSP00000254286,9606.ENSP00000258424,9606.ENSP00000262030,9606.ENSP00000276689,9606.ENSP00000306397,9606.ENSP00000309565,9606.ENSP00000320295,9606.ENSP00000330737,9606.ENSP00000339001,9606.ENSP00000341289,9606.ENSP00000349142,9606.ENSP00000359098,9606.ENSP00000361635,9606.ENSP00000362058,9606.ENSP00000367939,9606.ENSP00000369703,9606.ENSP00000381736,9606.ENSP00000425759,9606.ENSP00000429707,9606.ENSP00000458770,9606.ENSP00000497474	ACTR10,COX5B,ATP5F1B,NDUFB9,UQCRFS1,UQCRH,TUBB3,NDUFA12,TUBB,TUBB4B,ATP5F1C,COX7A2,VDAC2,NDUFS5,UQCRQ,TUBB2A,ATP5F1A,COX7C,COX6C,NDUFAB1,COX7B
hsa05020	Prion disease	20	263	0.88	1.61	5.03e-10	9606.ENSP00000258424,9606.ENSP00000262030,9606.ENSP00000276689,9606.ENSP00000306397,9606.ENSP00000309565,9606.ENSP00000320295,9606.ENSP00000330737,9606.ENSP00000339001,9606.ENSP00000341289,9606.ENSP00000349142,9606.ENSP00000359098,9606.ENSP00000361635,9606.ENSP00000362058,9606.ENSP00000367939,9606.ENSP00000369703,9606.ENSP00000381736,9606.ENSP00000425759,9606.ENSP00000429707,9606.ENSP00000458770,9606.ENSP00000497474	COX5B,ATP5F1B,NDUFB9,UQCRFS1,UQCRH,TUBB3,NDUFA12,TUBB,TUBB4B,ATP5F1C,COX7A2,VDAC2,NDUFS5,UQCRQ,TUBB2A,ATP5F1A,COX7C,COX6C,NDUFAB1,COX7B
hsa05010	Alzheimer disease	21	354	0.77	1.33	8.78e-09	9606.ENSP00000258424,9606.ENSP00000262030,9606.ENSP00000276689,9606.ENSP00000306397,9606.ENSP00000309565,9606.ENSP00000320295,9606.ENSP00000330737,9606.ENSP00000339001,9606.ENSP00000341289,9606.ENSP00000349142,9606.ENSP00000359098,9606.ENSP00000361635,9606.ENSP00000362058,9606.ENSP00000367050,9606.ENSP00000367939,9606.ENSP00000369703,9606.ENSP00000381736,9606.ENSP00000425759,9606.ENSP00000429707,9606.ENSP00000458770,9606.ENSP00000497474	COX5B,ATP5F1B,NDUFB9,UQCRFS1,UQCRH,TUBB3,NDUFA12,TUBB,TUBB4B,ATP5F1C,COX7A2,VDAC2,NDUFS5,RTN3,UQCRQ,TUBB2A,ATP5F1A,COX7C,COX6C,NDUFAB1,COX7B
hsa04721	Synaptic vesicle cycle	11	72	1.18	1.7	2.60e-08	9606.ENSP00000253413,9606.ENSP00000261205,9606.ENSP00000263160,9606.ENSP00000270349,9606.ENSP00000273398,9606.ENSP00000276390,9606.ENSP00000290949,9606.ENSP00000302194,9606.ENSP00000362014,9606.ENSP00000362399,9606.ENSP00000496339	ATP6V1E1,SYT1,SLC17A6,SLC6A3,ATP6V1A,ATP6V1B2,ATP6V0D1,ATP6V1G2,DNM1,STXBP1,SLC18A2
hsa04714	Thermogenesis	16	226	0.85	1.3	1.05e-07	9606.ENSP00000258424,9606.ENSP00000262030,9606.ENSP00000276689,9606.ENSP00000306397,9606.ENSP00000309565,9606.ENSP00000330737,9606.ENSP00000349142,9606.ENSP00000359098,9606.ENSP00000362058,9606.ENSP00000367939,9606.ENSP00000369757,9606.ENSP00000381736,9606.ENSP00000425759,9606.ENSP00000429707,9606.ENSP00000458770,9606.ENSP00000497474	COX5B,ATP5F1B,NDUFB9,UQCRFS1,UQCRH,NDUFA12,ATP5F1C,COX7A2,NDUFS5,UQCRQ,RPS6,ATP5F1A,COX7C,COX6C,NDUFAB1,COX7B
hsa04145	Phagosome	12	141	0.93	1.21	1.47e-06	9606.ENSP00000253413,9606.ENSP00000273398,9606.ENSP00000276390,9606.ENSP00000290949,9606.ENSP00000302194,9606.ENSP00000320295,9606.ENSP00000339001,9606.ENSP00000341289,9606.ENSP00000365402,9606.ENSP00000369703,9606.ENSP00000379873,9606.ENSP00000399168	ATP6V1E1,ATP6V1A,ATP6V1B2,ATP6V0D1,ATP6V1G2,TUBB3,TUBB,TUBB4B,HLA-C,TUBB2A,HLA-A,HLA-B
hsa04260	Cardiac muscle contraction	10	87	1.06	1.3	1.47e-06	9606.ENSP00000258424,9606.ENSP00000306397,9606.ENSP00000309565,9606.ENSP00000359098,9606.ENSP00000359729,9606.ENSP00000367939,9606.ENSP00000425759,9606.ENSP00000429707,9606.ENSP00000444688,9606.ENSP00000497474	COX5B,UQCRFS1,UQCRH,COX7A2,SLC9A6,UQCRQ,COX7C,COX6C,ATP1A3,COX7B
hsa04932	Non-alcoholic fatty liver disease	12	146	0.91	1.19	1.75e-06	9606.ENSP00000258424,9606.ENSP00000276689,9606.ENSP00000306397,9606.ENSP00000309565,9606.ENSP00000330737,9606.ENSP00000359098,9606.ENSP00000362058,9606.ENSP00000367939,9606.ENSP00000425759,9606.ENSP00000429707,9606.ENSP00000458770,9606.ENSP00000497474	COX5B,NDUFB9,UQCRFS1,UQCRH,NDUFA12,COX7A2,NDUFS5,UQCRQ,COX7C,COX6C,NDUFAB1,COX7B
hsa04966	Collecting duct acid secretion	5	24	1.32	0.94	0.00023	9606.ENSP00000253413,9606.ENSP00000273398,9606.ENSP00000276390,9606.ENSP00000290949,9606.ENSP00000302194	ATP6V1E1,ATP6V1A,ATP6V1B2,ATP6V0D1,ATP6V1G2
hsa01100	Metabolic pathways	31	1435	0.33	0.48	0.0013	9606.ENSP00000229270,9606.ENSP00000253413,9606.ENSP00000258424,9606.ENSP00000262030,9606.ENSP00000273398,9606.ENSP00000276390,9606.ENSP00000276689,9606.ENSP00000290949,9606.ENSP00000297785,9606.ENSP00000302194,9606.ENSP00000306397,9606.ENSP00000309565,9606.ENSP00000330737,9606.ENSP00000346103,9606.ENSP00000349142,9606.ENSP00000357838,9606.ENSP00000359098,9606.ENSP00000359991,9606.ENSP00000362058,9606.ENSP00000367939,9606.ENSP00000370571,9606.ENSP00000379512,9606.ENSP00000381736,9606.ENSP00000410833,9606.ENSP00000425759,9606.ENSP00000429707,9606.ENSP00000437402,9606.ENSP00000458770,9606.ENSP00000496166,9606.ENSP00000496597,9606.ENSP00000497474	TPI1,ATP6V1E1,COX5B,ATP5F1B,ATP6V1A,ATP6V1B2,NDUFB9,ATP6V0D1,ALDH1A1,ATP6V1G2,UQCRFS1,UQCRH,NDUFA12,GPX4,ATP5F1C,OAT,COX7A2,PGAM1,NDUFS5,UQCRQ,TH,MGST1,ATP5F1A,GBE1,COX7C,COX6C,ENO2,NDUFAB1,ALDOA,PFKM,COX7B
hsa05110	Vibrio cholerae infection	5	47	1.02	0.61	0.0037	9606.ENSP00000253413,9606.ENSP00000273398,9606.ENSP00000276390,9606.ENSP00000290949,9606.ENSP00000302194	ATP6V1E1,ATP6V1A,ATP6V1B2,ATP6V0D1,ATP6V1G2
hsa00010	Glycolysis / Gluconeogenesis	5	64	0.89	0.47	0.0131	9606.ENSP00000229270,9606.ENSP00000359991,9606.ENSP00000437402,9606.ENSP00000496166,9606.ENSP00000496597	TPI1,PGAM1,ENO2,ALDOA,PFKM
hsa05120	Epithelial cell signaling in Helicobacter pylori infection	5	65	0.88	0.47	0.0131	9606.ENSP00000253413,9606.ENSP00000273398,9606.ENSP00000276390,9606.ENSP00000290949,9606.ENSP00000302194	ATP6V1E1,ATP6V1A,ATP6V1B2,ATP6V0D1,ATP6V1G2
hsa04723	Retrograde endocannabinoid signaling	7	142	0.69	0.44	0.0138	9606.ENSP00000263160,9606.ENSP00000276689,9606.ENSP00000294117,9606.ENSP00000330737,9606.ENSP00000362058,9606.ENSP00000393097,9606.ENSP00000458770	SLC17A6,NDUFB9,GNG3,NDUFA12,NDUFS5,GABRA1,NDUFAB1
hsa04216	Ferroptosis	4	41	0.99	0.45	0.0182	9606.ENSP00000273550,9606.ENSP00000346103,9606.ENSP00000361635,9606.ENSP00000366525	FTH1,GPX4,VDAC2,FTL
hsa01230	Biosynthesis of amino acids	5	73	0.83	0.43	0.0183	9606.ENSP00000229270,9606.ENSP00000359991,9606.ENSP00000437402,9606.ENSP00000496166,9606.ENSP00000496597	TPI1,PGAM1,ENO2,ALDOA,PFKM
hsa05323	Rheumatoid arthritis	5	83	0.78	0.38	0.0298	9606.ENSP00000253413,9606.ENSP00000273398,9606.ENSP00000276390,9606.ENSP00000290949,9606.ENSP00000302194	ATP6V1E1,ATP6V1A,ATP6V1B2,ATP6V0D1,ATP6V1G2
hsa04727	GABAergic synapse	5	85	0.77	0.37	0.0314	9606.ENSP00000259455,9606.ENSP00000294117,9606.ENSP00000387694,9606.ENSP00000393097,9606.ENSP00000411256	GABBR2,GNG3,SLC12A5,GABRA1,GABARAPL1
hsa05203	Viral carcinogenesis	7	183	0.58	0.32	0.0436	9606.ENSP00000290949,9606.ENSP00000306330,9606.ENSP00000361930,9606.ENSP00000365402,9606.ENSP00000379287,9606.ENSP00000379873,9606.ENSP00000399168	ATP6V0D1,YWHAG,YWHAB,HLA-C,YWHAZ,HLA-A,HLA-B
hsa05167	Kaposi sarcoma-associated herpesvirus infection	7	187	0.57	0.32	0.0469	9606.ENSP00000294117,9606.ENSP00000365402,9606.ENSP00000379873,9606.ENSP00000388107,9606.ENSP00000399168,9606.ENSP00000411256,9606.ENSP00000486891	GNG3,HLA-C,HLA-A,UBA52,HLA-B,GABARAPL1,TCF7L2
