#node	identifier	x_position	y_position	color	annotation
ACTR10	9606.ENSP00000254286	0.6501936733376372	0.3486948415164699	rgb(239,132,117)	Actin related protein 10; Belongs to the actin family.
ALDH1A1	9606.ENSP00000297785	0.8291478373143965	0.27486016159105037	rgb(239,188,117)	Retinal dehydrogenase 1; Can convert/oxidize retinaldehyde to retinoic acid. Binds free retinal and cellular retinol-binding protein-bound retinal (By similarity). May have a broader specificity and oxidize other aldehydes in vivo.
ALDOA	9606.ENSP00000496166	0.6170755326016785	0.49077066500932254	rgb(117,117,239)	Fructose-bisphosphate aldolase A; Plays a key role in glycolysis and gluconeogenesis. In addition, may also function as scaffolding protein (By similarity). Belongs to the class I fructose-bisphosphate aldolase family.
AP2M1	9606.ENSP00000403362	0.4526468689477082	0.07796768178993163	rgb(117,132,239)	AP-2 complex subunit mu; Component of the adaptor protein complex 2 (AP-2). Adaptor protein complexes function in protein transport via transport vesicles in different membrane traffic pathways. Adaptor protein complexes are vesicle coat components and appear to be involved in cargo selection and vesicle formation. AP-2 is involved in clathrin-dependent endocytosis in which cargo proteins are incorporated into vesicles surrounded by clathrin (clathrin-coated vesicles, CCVs) which are destined for fusion with the early endosome. The clathrin lattice serves as a mechanical scaffold but i [...] 
ARL6IP1	9606.ENSP00000306788	0.3928018076178179	0.8935052827843382	rgb(151,239,117)	ADP-ribosylation factor-like protein 6-interacting protein 1; Positively regulates SLC1A1/EAAC1-mediated glutamate transport by increasing its affinity for glutamate in a PKC activity- dependent manner. Promotes the catalytic efficiency of SLC1A1/EAAC1 probably by reducing its interaction with ARL6IP5, a negative regulator of SLC1A1/EAAC1-mediated glutamate transport (By similarity). Plays a role in the formation and stabilization of endoplasmic reticulum tubules. Negatively regulates apoptosis, possibly by modulating the activity of caspase-9 (CASP9). Inhibits cleavage of CASP9-depend [...] 
ATP1A3	9606.ENSP00000444688	0.13889606197546805	0.3733064014916097	rgb(117,117,239)	Sodium/potassium-transporting ATPase subunit alpha-3; This is the catalytic component of the active enzyme, which catalyzes the hydrolysis of ATP coupled with the exchange of sodium and potassium ions across the plasma membrane. This action creates the electrochemical gradient of sodium and potassium ions, providing the energy for active transport of various nutrients; Belongs to the cation transport ATPase (P-type) (TC 3.A.3) family. Type IIC subfamily.
ATP5F1A	9606.ENSP00000381736	0.6275338928340866	0.6222187694220013	rgb(222,239,117)	ATP synthase subunit alpha, mitochondrial; Mitochondrial membrane ATP synthase (F(1)F(0) ATP synthase or Complex V) produces ATP from ADP in the presence of a proton gradient across the membrane which is generated by electron transport complexes of the respiratory chain. F-type ATPases consist of two structural domains, F(1) - containing the extramembraneous catalytic core, and F(0) - containing the membrane proton channel, linked together by a central stalk and a peripheral stalk. During catalysis, ATP synthesis in the catalytic domain of F(1) is coupled via a rotary mechanism of the  [...] 
ATP5F1B	9606.ENSP00000262030	0.778599096191091	0.6132691112492231	rgb(117,155,239)	ATP synthase subunit beta, mitochondrial; Mitochondrial membrane ATP synthase (F(1)F(0) ATP synthase or Complex V) produces ATP from ADP in the presence of a proton gradient across the membrane which is generated by electron transport complexes of the respiratory chain. F-type ATPases consist of two structural domains, F(1) - containing the extramembraneous catalytic core, and F(0) - containing the membrane proton channel, linked together by a central stalk and a peripheral stalk. During catalysis, ATP synthesis in the catalytic domain of F(1) is coupled via a rotary mechanism of the c [...] 
ATP5F1C	9606.ENSP00000349142	0.6339251129761136	0.6462709757613425	rgb(228,239,117)	ATP synthase subunit gamma, mitochondrial; Mitochondrial membrane ATP synthase (F(1)F(0) ATP synthase or Complex V) produces ATP from ADP in the presence of a proton gradient across the membrane which is generated by electron transport complexes of the respiratory chain. F-type ATPases consist of two structural domains, F(1) - containing the extramembraneous catalytic core, and F(0) - containing the membrane proton channel, linked together by a central stalk and a peripheral stalk. During catalysis, ATP synthesis in the catalytic domain of F(1) is coupled via a rotary mechanism of the  [...] 
ATP5MD	9606.ENSP00000358840	0.74083279535184	0.6563393412057179	rgb(121,239,117)	ATP synthase membrane subunit DAPIT, mitochondrial; Mitochondrial membrane ATP synthase (F(1)F(0) ATP synthase or Complex V) produces ATP from ADP in the presence of a proton gradient across the membrane which is generated by electron transport complexes of the respiratory chain. F-type ATPases consist of two structural domains, F(1) - containing the extramembraneous catalytic core and F(0) - containing the membrane proton channel, linked together by a central stalk and a peripheral stalk. During catalysis, ATP synthesis in the catalytic domain of F(1) is coupled via a rotary mechanism [...] 
ATP5MPL	9606.ENSP00000401770	0.7187540348612008	0.5853014294592915	rgb(172,239,117)	ATP synthase subunit ATP5MPL, mitochondrial; Mitochondrial membrane ATP synthase (F(1)F(0) ATP synthase or Complex V) produces ATP from ADP in the presence of a proton gradient across the membrane which is generated by electron transport complexes of the respiratory chain. F-type ATPases consist of two structural domains, F(1) - containing the extramembraneous catalytic core and F(0) - containing the membrane proton channel, linked together by a central stalk and a peripheral stalk. During catalysis, ATP synthesis in the catalytic domain of F(1) is coupled via a rotary mechanism of the [...] 
ATP6V0D1	9606.ENSP00000290949	0.89770819883796	0.5483840894965818	rgb(117,135,239)	V-type proton ATPase subunit d 1; Subunit of the integral membrane V0 complex of vacuolar ATPase. Vacuolar ATPase is responsible for acidifying a variety of intracellular compartments in eukaryotic cells, thus providing most of the energy required for transport processes in the vacuolar system. May play a role in coupling of proton transport and ATP hydrolysis (By similarity). May play a role in cilium biogenesis through regulation of the transport and the localization of proteins to the cilium (By similarity). In aerobic conditions, involved in intracellular iron homeostasis, thus tri [...] 
ATP6V0E2	9606.ENSP00000411672	0.8622659780503551	0.47287134866376634	rgb(239,167,117)	V-type proton ATPase subunit e 2; Vacuolar ATPase is responsible for acidifying a variety of intracellular compartments in eukaryotic cells; Belongs to the V-ATPase e1/e2 subunit family.
ATP6V1A	9606.ENSP00000273398	0.7844092963202066	0.5332815413300186	rgb(239,235,117)	V-type proton ATPase catalytic subunit A; Catalytic subunit of the peripheral V1 complex of vacuolar ATPase. V-ATPase vacuolar ATPase is responsible for acidifying a variety of intracellular compartments in eukaryotic cells. In aerobic conditions, involved in intracellular iron homeostasis, thus triggering the activity of Fe(2+) prolyl hydroxylase (PHD) enzymes, and leading to HIF1A hydroxylation and subsequent proteasomal degradation. May play a role in neurite development and synaptic connectivity ; Belongs to the ATPase alpha/beta chains family.
ATP6V1B2	9606.ENSP00000276390	0.8006778566817302	0.5746737103791175	rgb(219,239,117)	V-type proton ATPase subunit B, brain isoform; Non-catalytic subunit of the peripheral V1 complex of vacuolar ATPase. V-ATPase is responsible for acidifying a variety of intracellular compartments in eukaryotic cells; Belongs to the ATPase alpha/beta chains family.
ATP6V1E1	9606.ENSP00000253413	0.7588444157520982	0.5137041640770665	rgb(117,117,239)	V-type proton ATPase subunit E 1; Subunit of the peripheral V1 complex of vacuolar ATPase essential for assembly or catalytic function. V-ATPase is responsible for acidifying a variety of intracellular compartments in eukaryotic cells.
ATP6V1F	9606.ENSP00000417378	0.7634925758553907	0.5567743940335613	rgb(175,239,117)	V-type proton ATPase subunit F; Subunit of the peripheral V1 complex of vacuolar ATPase essential for assembly or catalytic function. V-ATPase is responsible for acidifying a variety of intracellular compartments in eukaryotic cells.
ATP6V1G2	9606.ENSP00000302194	0.8773724983860556	0.517619639527657	rgb(117,117,239)	V-type proton ATPase subunit G 2; Catalytic subunit of the peripheral V1 complex of vacuolar ATPase (V-ATPase). V-ATPase is responsible for acidifying a variety of intracellular compartments in eukaryotic cells.
B2M	9606.ENSP00000497910	0.1447062621045836	0.8151957737725296	rgb(117,194,239)	Beta-2-microglobulin form pI 5.3; Component of the class I major histocompatibility complex (MHC). Involved in the presentation of peptide antigens to the immune system. Exogenously applied M.tuberculosis EsxA or EsxA-EsxB (or EsxA expressed in host) binds B2M and decreases its export to the cell surface (total protein levels do not change), probably leading to defects in class I antigen presentation. Belongs to the beta-2-microglobulin family.
BASP1	9606.ENSP00000319281	0.5996449322143319	0.286047234307023	rgb(213,239,117)	Brain abundant membrane attached signal protein 1; Belongs to the BASP1 family.
BEX1	9606.ENSP00000361813	0.6757585539057457	0.15180236171535116	rgb(166,239,117)	Protein BEX1; Signaling adapter molecule involved in p75NTR/NGFR signaling. Plays a role in cell cycle progression and neuronal differentiation. Inhibits neuronal differentiation in response to nerve growth factor (NGF). May act as a link between the cell cycle and neurotrophic factor signaling, possibly by functioning as an upstream modulator of receptor signaling, coordinating biological responses to external signals with internal cellular states (By similarity).
BEX3	9606.ENSP00000361728	0.7547772756617174	0.2994717215661902	rgb(154,239,117)	Protein BEX3; May be a signaling adapter molecule involved in p75NTR- mediated apoptosis induced by NGF. Plays a role in zinc-triggered neuronal death (By similarity). May play an important role in the pathogenesis of neurogenetic diseases.
BEX5	9606.ENSP00000446054	0.8163653970303422	0.23514605344934741	rgb(189,239,117)	Protein BEX5; Brain expressed X-linked 5; Belongs to the BEX family.
BSCL2	9606.ENSP00000354032	0.8314719173660426	0.4348353014294593	rgb(225,239,117)	Seipin; Is a regulator of lipid catabolism essential for adipocyte differentiation. May also be involved in the central regulation of energy homeostasis (By similarity). Necessary for correct lipid storage and lipid droplets maintenance; may play a tissue-autonomous role in controlling lipid storage in adipocytes and in preventing ectopic lipid droplet formation in non-adipose tissues.
C18orf32	9606.ENSP00000480941	0.918624919302776	0.16410814170292107	rgb(117,239,142)	UPF0729 protein C18orf32; May activate the NF-kappa-B signaling pathway.
CALM1	9606.ENSP00000499717	0.0947385409941898	0.45776880049720325	rgb(117,117,239)	Calmodulin-1; Calmodulin 1; Belongs to the calmodulin family.
CHCHD2	9606.ENSP00000378812	0.8006778566817302	0.6278123057799876	rgb(239,185,117)	Coiled-coil-helix-coiled-coil-helix domain-containing protein 2; Transcription factor. Binds to the oxygen responsive element of COX4I2 and activates its transcription under hypoxia conditions (4% oxygen), as well as normoxia conditions (20% oxygen).
CHGB	9606.ENSP00000368244	0.5822143318269852	0.3733064014916097	rgb(0,178,157)	Secretogranin-1; Secretogranin-1 is a neuroendocrine secretory granule protein, which may be the precursor for other biologically active peptides.
CHN1	9606.ENSP00000386741	0.15167850225952229	0.26255438160348044	rgb(117,152,239)	N-chimaerin; GTPase-activating protein for p21-rac and a phorbol ester receptor. Involved in the assembly of neuronal locomotor circuits as a direct effector of EPHA4 in axon guidance.
COX5B	9606.ENSP00000258424	0.7541962556488057	0.6977315102548167	rgb(117,239,127)	Cytochrome c oxidase subunit 5B, mitochondrial; Component of the cytochrome c oxidase, the last enzyme in the mitochondrial electron transport chain which drives oxidative phosphorylation. The respiratory chain contains 3 multisubunit complexes succinate dehydrogenase (complex II, CII), ubiquinol- cytochrome c oxidoreductase (cytochrome b-c1 complex, complex III, CIII) and cytochrome c oxidase (complex IV, CIV), that cooperate to transfer electrons derived from NADH and succinate to molecular oxygen, creating an electrochemical gradient over the inner membrane that drives transmembrane [...] 
COX6C	9606.ENSP00000429707	0.7937056165267915	0.7380049720323183	rgb(169,239,117)	Cytochrome c oxidase subunit 6C; Component of the cytochrome c oxidase, the last enzyme in the mitochondrial electron transport chain which drives oxidative phosphorylation. The respiratory chain contains 3 multisubunit complexes succinate dehydrogenase (complex II, CII), ubiquinol- cytochrome c oxidoreductase (cytochrome b-c1 complex, complex III, CIII) and cytochrome c oxidase (complex IV, CIV), that cooperate to transfer electrons derived from NADH and succinate to molecular oxygen, creating an electrochemical gradient over the inner membrane that drives transmembrane transport and  [...] 
COX7A2	9606.ENSP00000359098	0.7234021949644932	0.8000932256059665	rgb(136,239,117)	Cytochrome c oxidase subunit 7A2, mitochondrial; Component of the cytochrome c oxidase, the last enzyme in the mitochondrial electron transport chain which drives oxidative phosphorylation. The respiratory chain contains 3 multisubunit complexes succinate dehydrogenase (complex II, CII), ubiquinol- cytochrome c oxidoreductase (cytochrome b-c1 complex, complex III, CIII) and cytochrome c oxidase (complex IV, CIV), that cooperate to transfer electrons derived from NADH and succinate to molecular oxygen, creating an electrochemical gradient over the inner membrane that drives transmembran [...] 
COX7B	9606.ENSP00000497474	0.8192704970949	0.8515537600994407	rgb(239,224,117)	Cytochrome c oxidase subunit 7B, mitochondrial; Component of the cytochrome c oxidase, the last enzyme in the mitochondrial electron transport chain which drives oxidative phosphorylation. The respiratory chain contains 3 multisubunit complexes succinate dehydrogenase (complex II, CII), ubiquinol- cytochrome c oxidoreductase (cytochrome b-c1 complex, complex III, CIII) and cytochrome c oxidase (complex IV, CIV), that cooperate to transfer electrons derived from NADH and succinate to molecular oxygen, creating an electrochemical gradient over the inner membrane that drives transmembrane [...] 
COX7C	9606.ENSP00000425759	0.6711103938024533	0.7995338719701679	rgb(117,239,130)	Cytochrome c oxidase subunit 7C, mitochondrial; Component of the cytochrome c oxidase, the last enzyme in the mitochondrial electron transport chain which drives oxidative phosphorylation. The respiratory chain contains 3 multisubunit complexes succinate dehydrogenase (complex II, CII), ubiquinol- cytochrome c oxidoreductase (cytochrome b-c1 complex, complex III, CIII) and cytochrome c oxidase (complex IV, CIV), that cooperate to transfer electrons derived from NADH and succinate to molecular oxygen, creating an electrochemical gradient over the inner membrane that drives transmembrane [...] 
CYFIP2	9606.ENSP00000479719	0.918624919302776	0.1271908017402113	rgb(117,117,239)	Cytoplasmic FMR1-interacting protein 2; Involved in T-cell adhesion and p53/TP53-dependent induction of apoptosis. Does not bind RNA. As component of the WAVE1 complex, required for BDNF-NTRK2 endocytic trafficking and signaling from early endosomes (By similarity).
DNAJC6	9606.ENSP00000360108	0.5345706907682376	0.08579863269111249	rgb(117,239,121)	Putative tyrosine-protein phosphatase auxilin; Recruits HSPA8/HSC70 to clathrin-coated vesicles and promotes uncoating of clathrin-coated vesicles. Plays a role in clathrin- mediated endocytosis in neurons (By similarity).
DNER	9606.ENSP00000345229	0.8802775984506134	0.5948104412678683	rgb(239,197,117)	Delta and Notch-like epidermal growth factor-related receptor; Activator of the NOTCH1 pathway. May mediate neuron-glia interaction during astrocytogenesis (By similarity).
DNM1	9606.ENSP00000362014	0.4526468689477082	0.14620882535736485	rgb(117,161,239)	Dynamin-1; Microtubule-associated force-producing protein involved in producing microtubule bundles and able to bind and hydrolyze GTP. Most probably involved in vesicular trafficking processes. Involved in receptor-mediated endocytosis.
DSTN	9606.ENSP00000246069	0.3945448676565526	0.5701988812927286	rgb(239,182,117)	Destrin; Actin-depolymerizing protein. Severs actin filaments (F- actin) and binds to actin monomers (G-actin). Acts in a pH-independent manner.
DYNLT3	9606.ENSP00000367841	0.8930600387346677	0.8532318210068366	rgb(145,239,117)	Dynein light chain Tctex-type 3; Acts as one of several non-catalytic accessory components of the cytoplasmic dynein 1 complex that are thought to be involved in linking dynein to cargos and to adapter proteins that regulate dynein function. Cytoplasmic dynein 1 acts as a motor for the intracellular retrograde motility of vesicles and organelles along microtubules. Probably binds BUB3 as part of transport cargo. Required for the efficient progression through mitosis (By similarity); Belongs to the dynein light chain Tctex-type family.
EEF1A1	9606.ENSP00000339063	0.40093608779857975	0.6747980111870728	rgb(117,239,204)	Elongation factor 1-alpha 1; This protein promotes the GTP-dependent binding of aminoacyl- tRNA to the A-site of ribosomes during protein biosynthesis. With PARP1 and TXK, forms a complex that acts as a T helper 1 (Th1) cell-specific transcription factor and binds the promoter of IFN-gamma to directly regulate its transcription, and is thus involved importantly in Th1 cytokine production; Belongs to the TRAFAC class translation factor GTPase superfamily. Classic translation factor GTPase family. EF-Tu/EF-1A subfamily.
EEF1A2	9606.ENSP00000217182	0.5397998708844416	0.9248290863890616	rgb(117,179,239)	Elongation factor 1-alpha 2; This protein promotes the GTP-dependent binding of aminoacyl- tRNA to the A-site of ribosomes during protein biosynthesis; Belongs to the TRAFAC class translation factor GTPase superfamily. Classic translation factor GTPase family. EF-Tu/EF-1A subfamily.
EEF1G	9606.ENSP00000331901	0.3683989670755326	0.7150714729645744	rgb(117,239,133)	Elongation factor 1-gamma; Probably plays a role in anchoring the complex to other cellular components.
ENO2	9606.ENSP00000437402	0.5235313105229181	0.4963642013673089	rgb(117,149,239)	Gamma-enolase; Has neurotrophic and neuroprotective properties on a broad spectrum of central nervous system (CNS) neurons. Binds, in a calcium- dependent manner, to cultured neocortical neurons and promotes cell survival (By similarity).
EPDR1	9606.ENSP00000199448	0.44567462879276953	0.5086699813548788	rgb(192,239,117)	Mammalian ependymin-related protein 1; Binds anionic lipids and gangliosides at acidic pH. Belongs to the ependymin family.
FGF13	9606.ENSP00000396198	0.9058424790187218	0.6563393412057179	rgb(239,144,117)	Fibroblast growth factor 13; Microtubule-binding protein which directly binds tubulin and is involved in both polymerization and stabilization of microtubules (By similarity). Through its action on microtubules, may participate to the refinement of axons by negatively regulating axonal and leading processes branching (By similarity). Plays a crucial role in neuron polarization and migration in the cerebral cortex and the hippocampus (By similarity). May regulate voltage-gated sodium channels transport and function. May also play a role in MAPK signaling (By similarity). Required for th [...] 
FTH1	9606.ENSP00000273550	0.7913815364751453	0.3878495960223741	rgb(117,218,239)	Ferritin heavy chain, N-terminally processed; Stores iron in a soluble, non-toxic, readily available form. Important for iron homeostasis. Has ferroxidase activity. Iron is taken up in the ferrous form and deposited as ferric hydroxides after oxidation. Also plays a role in delivery of iron to cells. Mediates iron uptake in capsule cells of the developing kidney (By similarity). Belongs to the ferritin family.
FTL	9606.ENSP00000366525	0.7385087153001937	0.3486948415164699	rgb(117,239,201)	Ferritin light chain; Stores iron in a soluble, non-toxic, readily available form. Important for iron homeostasis. Iron is taken up in the ferrous form and deposited as ferric hydroxides after oxidation. Also plays a role in delivery of iron to cells. Mediates iron uptake in capsule cells of the developing kidney (By similarity); Belongs to the ferritin family.
GABARAPL1	9606.ENSP00000411256	0.36607488702388635	0.24297700435052827	rgb(207,239,117)	Gamma-aminobutyric acid receptor-associated protein-like 1; GABA type A receptor associated protein like 1.
GABBR2	9606.ENSP00000259455	0.20455132343447385	0.2245183343691734	rgb(117,117,239)	Gamma-aminobutyric acid type B receptor subunit 2; Component of a heterodimeric G-protein coupled receptor for GABA, formed by GABBR1 and GABBR2. Within the heterodimeric GABA receptor, only GABBR1 seems to bind agonists, while GABBR2 mediates coupling to G proteins. Ligand binding causes a conformation change that triggers signaling via guanine nucleotide-binding proteins (G proteins) and modulates the activity of down-stream effectors, such as adenylate cyclase. Signaling inhibits adenylate cyclase, stimulates phospholipase A2, activates potassium channels, inactivates voltage-depend [...] 
GABRA1	9606.ENSP00000393097	0.27543576500968364	0.20102548166563083	rgb(117,117,239)	Gamma-aminobutyric acid receptor subunit alpha-1; Ligand-gated chloride channel which is a component of the heteropentameric receptor for GABA, the major inhibitory neurotransmitter in the brain. Plays an important role in the formation of functional inhibitory GABAergic synapses in addition to mediating synaptic inhibition as a GABA-gated ion channel. The gamma2 subunit is necessary but not sufficient for a rapid formation of active synaptic contacts and the synaptogenic effect of this subunit is influenced by the type of alpha and beta subunits present in the receptor pentamer (By si [...] 
GAP43	9606.ENSP00000377372	0.5392188508715301	0.3291174642635177	rgb(117,170,239)	Neuromodulin; This protein is associated with nerve growth. It is a major component of the motile 'growth cones' that form the tips of elongating axons. Plays a role in axonal and dendritic filopodia induction.
GBE1	9606.ENSP00000410833	0.9209489993544223	0.6278123057799876	rgb(239,161,117)	1,4-alpha-glucan-branching enzyme; Required for normal glycogen accumulation. The alpha 1-6 branches of glycogen play an important role in increasing the solubility of the molecule (Probable); Belongs to the glycosyl hydrolase 13 family. GlgB subfamily.
GHITM	9606.ENSP00000361207	0.5990639122014204	0.15180236171535116	rgb(234,239,117)	Growth hormone-inducible transmembrane protein; Required for the mitochondrial tubular network and cristae organization. Involved in apoptotic release of cytochrome c.
GNG3	9606.ENSP00000294117	0.1394770819883796	0.1887197016780609	rgb(239,117,117)	Guanine nucleotide-binding protein G(I)/G(S)/G(O) subunit gamma-3; Guanine nucleotide-binding proteins (G proteins) are involved as a modulator or transducer in various transmembrane signaling systems. The beta and gamma chains are required for the GTPase activity, for replacement of GDP by GTP, and for G protein-effector interaction.
GPX4	9606.ENSP00000346103	0.7286313750806973	0.412461155997514	rgb(117,239,118)	Phospholipid hydroperoxide glutathione peroxidase; Essential antioxidant peroxidase that directly reduces phospholipid hydroperoxide even if they are incorporated in membranes and lipoproteins (By similarity). Can also reduce fatty acid hydroperoxide, cholesterol hydroperoxide and thymine hydroperoxide (By similarity). Plays a key role in protecting cells from oxidative damage by preventing membrane lipid peroxidation (By similarity). Required to prevent cells from ferroptosis, a non-apoptotic cell death resulting from an iron-dependent accumulation of lipid reactive oxygen species. Th [...] 
HINT1	9606.ENSP00000304229	0.7274693350548742	0.9041330018645122	rgb(148,239,117)	Histidine triad nucleotide-binding protein 1; Hydrolyzes purine nucleotide phosphoramidates with a single phosphate group, including adenosine 5'monophosphoramidate (AMP-NH2), adenosine 5'monophosphomorpholidate (AMP-morpholidate) and guanosine 5'monophosphomorpholidate (GMP-morpholidate). Hydrolyzes lysyl-AMP (AMP-N-epsilon-(N-alpha-acetyl lysine methyl ester)) generated by lysine tRNA ligase, as well as Met-AMP, His-AMP and Asp-AMP, lysyl-GMP (GMP-N-epsilon-(N-alpha-acetyl lysine methyl ester)) and AMP-N-alanine methyl ester. Can also convert adenosine 5'-O-phosphorothioate and guano [...] 
HLA-A	9606.ENSP00000379873	0.0749838605551969	0.8135177128651336	rgb(117,212,239)	HLA class I histocompatibility antigen, A alpha chain; Antigen-presenting major histocompatibility complex class I (MHCI) molecule. In complex with B2M/beta 2 microglobulin displays primarily viral and tumor-derived peptides on antigen-presenting cells for recognition by alpha-beta T cell receptor (TCR) on HLA-A-restricted CD8-positive T cells, guiding antigen-specific T cell immune response to eliminate infected or transformed cells. May also present self-peptides derived from the signal sequence of secreted or membrane proteins, although T cells specific for these peptides are usuall [...] 
HLA-B	9606.ENSP00000399168	0.11100710135571337	0.8828775637041641	rgb(117,239,154)	HLA class I histocompatibility antigen, B alpha chain; Antigen-presenting major histocompatibility complex class I (MHCI) molecule. In complex with B2M/beta 2 microglobulin displays primarily viral and tumor-derived peptides on antigen-presenting cells for recognition by alpha-beta T cell receptor (TCR) on HLA-B-restricted CD8-positive T cells, guiding antigen-specific T cell immune response to eliminate infected or transformed cells. May also present self-peptides derived from the signal sequence of secreted or membrane proteins, although T cells specific for these peptides are usuall [...] 
HLA-C	9606.ENSP00000365402	0.08311814073595869	0.8532318210068366	rgb(117,239,198)	HLA class I histocompatibility antigen, C alpha chain; Antigen-presenting major histocompatibility complex class I (MHCI) molecule with an important role in reproduction and antiviral immunity. In complex with B2M/beta 2 microglobulin displays a restricted repertoire of self and viral peptides and acts as a dominant ligand for inhibitory and activating killer immunoglobulin receptors (KIRs) expressed on NK cells. In an allogeneic setting, such as during pregnancy, mediates interaction of extravillous trophoblasts with KIR on uterine NK cells and regulate trophoblast invasion necessary  [...] 
HPCAL1	9606.ENSP00000483786	0.918624919302776	0.791702921068987	rgb(178,171,0)	Hippocalcin-like protein 1; May be involved in the calcium-dependent regulation of rhodopsin phosphorylation; Belongs to the recoverin family.
IGFBP7	9606.ENSP00000295666	0.22837314396384767	0.631727781230578	rgb(117,239,195)	Insulin-like growth factor-binding protein 7; Binds IGF-I and IGF-II with a relatively low affinity. Stimulates prostacyclin (PGI2) production. Stimulates cell adhesion.
INA	9606.ENSP00000358865	0.3370238863783086	0.3884089496581728	rgb(239,238,117)	Alpha-internexin; Class-IV neuronal intermediate filament that is able to self- assemble. It is involved in the morphogenesis of neurons. It may form an independent structural network without the involvement of other neurofilaments or it may cooperate with NF-L to form the filamentous backbone to which NF-M and NF-H attach to form the cross-bridges.
ISCU	9606.ENSP00000310623	0.9075855390574564	0.758141702921069	rgb(118,239,117)	Iron-sulfur cluster assembly enzyme ISCU, mitochondrial; Scaffold protein for the de novo synthesis of iron-sulfur (Fe-S) clusters within mitochondria, which is required for maturation of both mitochondrial and cytoplasmic [2Fe-2S] and [4Fe-4S] proteins. First, a [2Fe-2S] cluster is transiently assembled on the scaffold protein ISCU. In a second step, the cluster is released from ISCU, transferred to a glutaredoxin GLRX5, followed by the formation of mitochondrial [2Fe-2S] proteins, the synthesis of [4Fe-4S] clusters and their target-specific insertion into the recipient apoproteins. C [...] 
ISL1	9606.ENSP00000230658	0.5479341510652034	0.6194220012430082	rgb(255,0,0)	Insulin gene enhancer protein ISL-1; DNA-binding transcriptional activator. Recognizes and binds to the consensus octamer binding site 5'-ATAATTAA-3' in promoter of target genes. Plays a fundamental role in the gene regulatory network essential for retinal ganglion cell (RGC) differentiation. Cooperates with the transcription factor POU4F2 to achieve maximal levels of expression of RGC target genes and RGC fate specification in the developing retina. Involved in the specification of motor neurons in cooperation with LHX3 and LDB1. Binds to insulin gene enhancer sequences. Essential for [...] 
MAGED1	9606.ENSP00000364847	0.6885409941897999	0.30898073337476695	rgb(239,126,117)	Melanoma-associated antigen D1; Involved in the apoptotic response after nerve growth factor (NGF) binding in neuronal cells. Inhibits cell cycle progression, and facilitates NGFR-mediated apoptosis. May act as a regulator of the function of DLX family members. May enhance ubiquitin ligase activity of RING-type zinc finger-containing E3 ubiquitin-protein ligases. Proposed to act through recruitment and/or stabilization of the Ubl- conjugating enzyme (E2) at the E3:substrate complex. Plays a role in the circadian rhythm regulation. May act as RORA co-regulator, modulating the expression [...] 
MAP1A	9606.ENSP00000300231	0.3463202065848935	0.1691423244251088	rgb(124,239,117)	Microtubule-associated protein 1A; Structural protein involved in the filamentous cross-bridging between microtubules and other skeletal elements.
MAP1B	9606.ENSP00000296755	0.43347320852162685	0.3212865133623369	rgb(117,117,239)	Microtubule-associated protein 1B; Facilitates tyrosination of alpha-tubulin in neuronal microtubules (By similarity). Phosphorylated MAP1B may play a role in the cytoskeletal changes that accompany neurite extension. Possibly MAP1B binds to at least two tubulin subunits in the polymer, and this bridging of subunits might be involved in nucleating microtubule polymerization and in stabilizing microtubules. Acts as a positive cofactor in DAPK1-mediated autophagic vesicle formation and membrane blebbing.
MAP2	9606.ENSP00000353508	0.49506132989025176	0.38729024238657556	rgb(184,239,117)	Microtubule-associated protein 2; The exact function of MAP2 is unknown but MAPs may stabilize the microtubules against depolymerization. They also seem to have a stiffening effect on microtubules.
MGST1	9606.ENSP00000379512	0.6885409941897999	0.46615910503418273	rgb(117,215,239)	Microsomal glutathione S-transferase 1; Conjugation of reduced glutathione to a wide number of exogenous and endogenous hydrophobic electrophiles. Has a wide substrate specificity.
MLLT11	9606.ENSP00000357917	0.16446094254357652	0.5332815413300186	rgb(195,239,117)	Protein AF1q; Cofactor for the transcription factor TCF7. Involved in regulation of lymphoid development by driving multipotent hematopoietic progenitor cells towards a T cell fate.
MOAP1	9606.ENSP00000451594	0.13889606197546805	0.15180236171535116	rgb(198,239,117)	Modulator of apoptosis 1; Required for death receptor-dependent apoptosis. When associated with RASSF1, promotes BAX conformational change and translocation to mitochondrial membranes in response to TNF and TNFSF10 stimulation; Belongs to the PNMA family.
MORF4L1	9606.ENSP00000331310	0.8674951581665592	0.3733064014916097	rgb(239,209,117)	Mortality factor 4-like protein 1; Component of the NuA4 histone acetyltransferase (HAT) complex which is involved in transcriptional activation of select genes principally by acetylation of nucleosomal histones H4 and H2A. This modification may both alter nucleosome - DNA interactions and promote interaction of the modified histones with other proteins which positively regulate transcription. This complex may be required for the activation of transcriptional programs associated with oncogene and proto-oncogene mediated growth induction, tumor suppressor mediated growth arrest and repl [...] 
MXI1	9606.ENSP00000331152	0.22837314396384767	0.8286202610316968	rgb(101,199,255)	Max-interacting protein 1; Transcriptional repressor. MXI1 binds with MAX to form a sequence-specific DNA-binding protein complex which recognizes the core sequence 5'-CAC[GA]TG-3'. MXI1 thus antagonizes MYC transcriptional activity by competing for MAX.
NAP1L3	9606.ENSP00000362171	0.8419302775984506	0.15180236171535116	rgb(117,117,239)	Nucleosome assembly protein 1 like 3.
NAP1L5	9606.ENSP00000320488	0.6885409941897999	0.1887197016780609	rgb(239,227,117)	Nucleosome assembly protein 1 like 5.
NAPB	9606.ENSP00000482826	0.5909296320206585	0.18648228713486636	rgb(239,221,117)	Beta-soluble NSF attachment protein; Required for vesicular transport between the endoplasmic reticulum and the Golgi apparatus.
NARS1	9606.ENSP00000256854	0.3434151065203357	0.32408328154133	rgb(117,117,239)	Asparagine--tRNA ligase, cytoplasmic; Catalyzes the attachment of asparagine to tRNA(Asn) in a two- step reaction: asparagine is first activated by ATP to form Asn-AMP and then transferred to the acceptor end of tRNA(Asn). In addition to its essential role in protein synthesis, acts as a signaling molecule that induced migration of CCR3-expressing cells.
NDRG4	9606.ENSP00000377823	0.15167850225952229	0.631727781230578	rgb(117,182,239)	Protein NDRG4; Contributes to the maintenance of intracerebral BDNF levels within the normal range, which is necessary for the preservation of spatial learning and the resistance to neuronal cell death caused by ischemic stress (By similarity). May enhance growth factor-induced ERK1 and ERK2 phosphorylation, including that induced by PDGF and FGF. May attenuate NGF-promoted ELK1 phosphorylation in a microtubule-dependent manner.
NDUFA12	9606.ENSP00000330737	0.7280503550677857	0.7145121193287757	rgb(239,212,117)	NADH dehydrogenase [ubiquinone] 1 alpha subcomplex subunit 12; Accessory subunit of the mitochondrial membrane respiratory chain NADH dehydrogenase (Complex I), that is believed not to be involved in catalysis. Complex I functions in the transfer of electrons from NADH to the respiratory chain. The immediate electron acceptor for the enzyme is believed to be ubiquinone.
NDUFAB1	9606.ENSP00000458770	0.7658166559070368	0.7514294592914855	rgb(187,239,117)	Acyl carrier protein, mitochondrial; Carrier of the growing fatty acid chain in fatty acid biosynthesis (By similarity). Accessory and non-catalytic subunit of the mitochondrial membrane respiratory chain NADH dehydrogenase (Complex I), which functions in the transfer of electrons from NADH to the respiratory chain.
NDUFB9	9606.ENSP00000276689	0.7123628147191737	0.7458359229334991	rgb(117,239,124)	NADH dehydrogenase [ubiquinone] 1 beta subcomplex subunit 9; Accessory subunit of the mitochondrial membrane respiratory chain NADH dehydrogenase (Complex I), that is believed to be not involved in catalysis. Complex I functions in the transfer of electrons from NADH to the respiratory chain. The immediate electron acceptor for the enzyme is believed to be ubiquinone.
NDUFS5	9606.ENSP00000362058	0.7884764364105875	0.873927905531386	rgb(239,200,117)	NADH dehydrogenase [ubiquinone] iron-sulfur protein 5; Accessory subunit of the mitochondrial membrane respiratory chain NADH dehydrogenase (Complex I), that is believed not to be involved in catalysis. Complex I functions in the transfer of electrons from NADH to the respiratory chain. The immediate electron acceptor for the enzyme is believed to be ubiquinone.
NEFH	9606.ENSP00000311997	0.3846675274370562	0.35372902423865754	rgb(163,239,117)	Neurofilament heavy polypeptide; Neurofilaments usually contain three intermediate filament proteins: L, M, and H which are involved in the maintenance of neuronal caliber. NF-H has an important function in mature axons that is not subserved by the two smaller NF proteins.
NEFL	9606.ENSP00000482169	0.45729502905100067	0.3928837787445618	rgb(178,239,117)	Neurofilament light polypeptide; Neurofilaments usually contain three intermediate filament proteins: L, M, and H which are involved in the maintenance of neuronal caliber.
NEFM	9606.ENSP00000221166	0.3713040671400904	0.4074269732753263	rgb(117,117,239)	Neurofilament medium polypeptide; Neurofilaments usually contain three intermediate filament proteins: L, M, and H which are involved in the maintenance of neuronal caliber.
NELL2	9606.ENSP00000416341	0.6501936733376372	0.8778433809819765	rgb(117,117,239)	Protein kinase C-binding protein NELL2; Required for neuron survival through the modulation of MAPK pathways (By similarity). Involved in the regulation of hypothalamic GNRH secretion and the control of puberty (By similarity).
NPTN	9606.ENSP00000290401	0.5990639122014204	0.791702921068987	rgb(204,239,117)	Neuroplastin; Probable homophilic and heterophilic cell adhesion molecule involved in long term potentiation at hippocampal excitatory synapses through activation of p38MAPK. May also regulate neurite outgrowth by activating the FGFR1 signaling pathway. May play a role in synaptic plasticity (By similarity).
OAT	9606.ENSP00000357838	0.16446094254357652	0.5948104412678683	rgb(160,239,117)	Ornithine aminotransferase, mitochondrial; Ornithine aminotransferase.
PCP4	9606.ENSP00000329403	0.8547127178825049	0.6932566811684276	rgb(117,117,239)	Calmodulin regulator protein PCP4; Functions as a modulator of calcium-binding by calmodulin. Thereby, regulates calmodulin activity and the different processes it controls. For instance, may play a role in neuronal differentiation through activation of calmodulin-dependent kinase signaling pathways. Belongs to the PCP4 family.
PEG10	9606.ENSP00000418944	0.6757585539057457	0.2720633934120572	rgb(239,155,117)	Retrotransposon-derived protein PEG10; Prevents apoptosis in hepatocellular carcinoma (HCC) cells through interaction with SIAH1, a mediator of apoptosis. May also have a role in cell growth promotion and hepatoma formation. Inhibits the TGF-beta signaling by interacting with the TGF-beta receptor ALK1. When overexpressed, induces the formation of cellular extension, such as filipodia in association with ALK1. Involved at the immediate early stage of adipocyte differentiation (By similarity). May bind to the 5'- GCCTGTCTTT-3' DNA sequence of the MB1 domain in the myelin basic protein ( [...] 
PFKM	9606.ENSP00000496597	0.6089412524209168	0.4594468614045991	rgb(117,176,239)	ATP-dependent 6-phosphofructokinase, muscle type; Catalyzes the phosphorylation of D-fructose 6-phosphate to fructose 1,6-bisphosphate by ATP, the first committing step of glycolysis; Belongs to the phosphofructokinase type A (PFKA) family. ATP-dependent PFK group I subfamily. Eukaryotic two domain clade 'E' sub-subfamily.
PFN2	9606.ENSP00000239940	0.6501936733376372	0.3856121814791796	rgb(201,239,117)	Profilin-2; Binds to actin and affects the structure of the cytoskeleton. At high concentrations, profilin prevents the polymerization of actin, whereas it enhances it at low concentrations. By binding to PIP2, it inhibits the formation of IP3 and DG.
PGAM1	9606.ENSP00000359991	0.5752420916720465	0.47622747047855807	rgb(117,144,239)	Phosphoglycerate mutase 1; Interconversion of 3- and 2-phosphoglycerate with 2,3- bisphosphoglycerate as the primer of the reaction. Can also catalyze the reaction of EC 5.4.2.4 (synthase), but with a reduced activity.
PGRMC1	9606.ENSP00000217971	0.44567462879276953	0.47175264139216905	rgb(142,239,117)	Membrane-associated progesterone receptor component 1; Component of a progesterone-binding protein complex. Binds progesterone. Has many reported cellular functions (heme homeostasis, interaction with CYPs). Belongs to the cytochrome b5 family. MAPR subfamily.
PNMA8A	9606.ENSP00000318131	0.7652356358941254	0.20102548166563083	rgb(239,233,117)	Paraneoplastic antigen-like protein 8A; PNMA family member 8A.
PPIA	9606.ENSP00000419425	0.17433828276307295	0.671441889372281	rgb(239,215,117)	Peptidyl-prolyl cis-trans isomerase A, N-terminally processed; PPIases accelerate the folding of proteins. It catalyzes the cis-trans isomerization of proline imidic peptide bonds in oligopeptides.
PSD3	9606.ENSP00000324127	0.8419302775984506	0.1887197016780609	rgb(187,255,101)	PH and SEC7 domain-containing protein 3; Guanine nucleotide exchange factor for ARF6.
PVALB	9606.ENSP00000216200	0.1667850225952227	0.3319142324425109	rgb(117,117,239)	Parvalbumin alpha; In muscle, parvalbumin is thought to be involved in relaxation after contraction. It binds two calcium ions; Belongs to the parvalbumin family.
RCAN2	9606.ENSP00000360425	0.21559070367979344	0.16410814170292107	rgb(0,28,178)	Calcipressin-2; Inhibits calcineurin-dependent transcriptional responses by binding to the catalytic domain of calcineurin A. Could play a role during central nervous system development; Belongs to the RCAN family.
REEP1	9606.ENSP00000392197	0.7652356358941254	0.444344313238036	rgb(239,123,117)	Receptor expression-enhancing protein 1; Required for endoplasmic reticulum (ER) network formation, shaping and remodeling; it links ER tubules to the cytoskeleton. May also enhance the cell surface expression of odorant receptors. May play a role in long-term axonal maintenance.
RPL11	9606.ENSP00000496250	0.46542930923176246	0.7229024238657552	rgb(117,239,207)	60S ribosomal protein L11; Component of the ribosome, a large ribonucleoprotein complex responsible for the synthesis of proteins in the cell. The small ribosomal subunit (SSU) binds messenger RNAs (mRNAs) and translates the encoded message by selecting cognate aminoacyl-transfer RNA (tRNA) molecules. The large subunit (LSU) contains the ribosomal catalytic site termed the peptidyl transferase center (PTC), which catalyzes the formation of peptide bonds, thereby polymerizing the amino acids delivered by tRNAs into a polypeptide chain. The nascent polypeptides leave the ribosome through [...] 
RPL12	9606.ENSP00000354739	0.36665590703679796	0.7463952765692978	rgb(117,239,178)	60S ribosomal protein L12; Binds directly to 26S ribosomal RNA.
RPL13	9606.ENSP00000307889	0.2992575855390575	0.7189869484151648	rgb(117,239,145)	Ribosomal protein L13.
RPL13A	9606.ENSP00000375730	0.30855390574564234	0.6848663766314481	rgb(117,239,136)	60S ribosomal protein L13a; Associated with ribosomes but is not required for canonical ribosome function and has extra-ribosomal functions. Component of the GAIT (gamma interferon-activated inhibitor of translation) complex which mediates interferon-gamma-induced transcript-selective translation inhibition in inflammation processes. Upon interferon-gamma activation and subsequent phosphorylation dissociates from the ribosome and assembles into the GAIT complex which binds to stem loop-containing GAIT elements in the 3'-UTR of diverse inflammatory mRNAs (such as ceruplasmin) and suppre [...] 
RPL18	9606.ENSP00000447001	0.3672369270497095	0.8096022374145433	rgb(117,230,239)	60S ribosomal protein L18; Component of the large ribosomal subunit.
RPL19	9606.ENSP00000225430	0.331213686249193	0.7312927284027346	rgb(117,206,239)	Ribosomal protein L19; Belongs to the eukaryotic ribosomal protein eL19 family.
RPL21	9606.ENSP00000346027	0.4055842479018722	0.7956183965195774	rgb(117,235,239)	60S ribosomal protein L21; Component of the large ribosomal subunit. Belongs to the eukaryotic ribosomal protein eL21 family.
RPL23A	9606.ENSP00000389103	0.4381213686249193	0.6915786202610318	rgb(117,239,189)	60S ribosomal protein L23a; Component of the ribosome, a large ribonucleoprotein complex responsible for the synthesis of proteins in the cell. Binds a specific region on the 26S rRNA. May promote p53/TP53 degradation possibly through the stimulation of MDM2-mediated TP53 polyubiquitination ; Belongs to the universal ribosomal protein uL23 family.
RPL24	9606.ENSP00000377640	0.2847320852162686	0.7631758856432568	rgb(117,233,239)	Ribosomal protein L24; Belongs to the eukaryotic ribosomal protein eL24 family.
RPL27A	9606.ENSP00000346015	0.3108779857972886	0.8079241765071473	rgb(117,239,139)	Ribosomal protein L27a; Belongs to the universal ribosomal protein uL15 family.
RPL29	9606.ENSP00000294189	0.289380245319561	0.7883467992541953	rgb(117,239,234)	60S ribosomal protein L29; Component of the large ribosomal subunit. Belongs to the eukaryotic ribosomal protein eL29 family.
RPL30	9606.ENSP00000428085	0.3829244673983215	0.7710068365444376	rgb(117,239,151)	Ribosomal protein L30.
RPL32	9606.ENSP00000416429	0.29809554551323436	0.7435985083903045	rgb(117,239,225)	Ribosomal protein L32; Belongs to the eukaryotic ribosomal protein eL32 family.
RPL34	9606.ENSP00000378163	0.4619431891542931	0.8191112492231201	rgb(117,221,239)	60S ribosomal protein L34; Component of the large ribosomal subunit. Belongs to the eukaryotic ribosomal protein eL34 family.
RPL35	9606.ENSP00000259469	0.47821174951581663	0.692697327532629	rgb(117,239,175)	60S ribosomal protein L35; Component of the large ribosomal subunit.
RPL36A	9606.ENSP00000404375	0.40093608779857975	0.8263828464885022	rgb(117,224,239)	Ribosomal protein L36a.
RPL37	9606.ENSP00000274242	0.3457391865719819	0.698850217526414	rgb(117,239,157)	60S ribosomal protein L37; Binds to the 23S rRNA; Belongs to the eukaryotic ribosomal protein eL37 family.
RPL37A	9606.ENSP00000418082	0.34457714654615884	0.8302983219390926	rgb(117,239,192)	Ribosomal protein L37a.
RPL39	9606.ENSP00000355315	0.476468689477082	0.834213797389683	rgb(117,239,210)	Ribosomal protein L39; Belongs to the eukaryotic ribosomal protein eL39 family.
RPL4	9606.ENSP00000311430	0.4491607488702388	0.6580174021131138	rgb(117,239,187)	Ribosomal protein L4.
RPL41	9606.ENSP00000449026	0.4201097482246611	0.9097265382224985	rgb(117,239,231)	Ribosomal protein L41.
RPL6	9606.ENSP00000403172	0.33586184635248545	0.7889061528899938	rgb(117,191,239)	60S ribosomal protein L6; Component of the large ribosomal subunit. Belongs to the eukaryotic ribosomal protein eL6 family.
RPL7	9606.ENSP00000339795	0.46252420916720466	0.683747669359851	rgb(117,203,239)	60S ribosomal protein L7; Component of the large ribosomal subunit. Binds to G-rich structures in 28S rRNA and in mRNAs. Plays a regulatory role in the translation apparatus; inhibits cell-free translation of mRNAs.
RPL7A	9606.ENSP00000361076	0.3190122659780503	0.7654133001864513	rgb(117,239,169)	Ribosomal protein L7a.
RPLP0	9606.ENSP00000449328	0.4201097482246611	0.7217837165941579	rgb(117,239,148)	60S acidic ribosomal protein P0; Ribosomal protein P0 is the functional equivalent of E.coli protein L10.
RPS10	9606.ENSP00000481646	0.39686894770819886	0.8621814791796147	rgb(117,239,166)	40S ribosomal protein S10; Component of the 40S ribosomal subunit; Belongs to the eukaryotic ribosomal protein eS10 family.
RPS11	9606.ENSP00000270625	0.506681730148483	0.7950590428837788	rgb(117,209,239)	Ribosomal protein S11; Belongs to the universal ribosomal protein uS17 family.
RPS12	9606.ENSP00000230050	0.3230794060684313	0.8532318210068366	rgb(117,200,239)	Ribosomal protein S12.
RPS15	9606.ENSP00000466010	0.4753066494512589	0.7575823492852704	rgb(117,239,216)	Ribosomal protein S15.
RPS16	9606.ENSP00000367806	0.5090058102001291	0.7223430702299566	rgb(117,239,160)	Ribosomal protein S16.
RPS17	9606.ENSP00000498019	0.48983214977404776	0.8565879428216284	rgb(117,239,184)	Ribosomal protein S17.
RPS18	9606.ENSP00000393241	0.5252743705616527	0.7816345556246116	rgb(117,239,163)	40S ribosomal protein S18; Located at the top of the head of the 40S subunit, it contacts several helices of the 18S rRNA.
RPS19	9606.ENSP00000470972	0.3451581665590704	0.8677750155376011	rgb(117,239,172)	40S ribosomal protein S19; Required for pre-rRNA processing and maturation of 40S ribosomal subunits; Belongs to the eukaryotic ribosomal protein eS19 family.
RPS2	9606.ENSP00000341885	0.4904131697869593	0.7799564947172157	rgb(117,239,181)	Ribosomal protein S2.
RPS20	9606.ENSP00000429374	0.502614590058102	0.7519888129272841	rgb(117,239,213)	Ribosomal protein S20.
RPS23	9606.ENSP00000296674	0.5194641704325371	0.8084835301429459	rgb(117,239,237)	40S ribosomal protein S23; Component of the ribosome, a large ribonucleoprotein complex responsible for the synthesis of proteins in the cell. The small ribosomal subunit (SSU) binds messenger RNAs (mRNAs) and translates the encoded message by selecting cognate aminoacyl-transfer RNA (tRNA) molecules. The large subunit (LSU) contains the ribosomal catalytic site termed the peptidyl transferase center (PTC), which catalyzes the formation of peptide bonds, thereby polymerizing the amino acids delivered by tRNAs into a polypeptide chain. The nascent polypeptides leave the ribosome through [...] 
RPS24	9606.ENSP00000414321	0.30158166559070365	0.8314170292106899	rgb(117,188,239)	40S ribosomal protein S24; Required for processing of pre-rRNA and maturation of 40S ribosomal subunits; Belongs to the eukaryotic ribosomal protein eS24 family.
RPS27	9606.ENSP00000499044	0.367817947062621	0.8716904909881915	rgb(117,239,222)	40S ribosomal protein S27; Component of the small ribosomal subunit. Required for proper rRNA processing and maturation of 18S rRNAs ; Belongs to the eukaryotic ribosomal protein eS27 family.
RPS29	9606.ENSP00000379339	0.5246933505487411	0.75366687383468	rgb(117,238,239)	Ribosomal protein S29.
RPS3A	9606.ENSP00000346050	0.4445125887669464	0.8666563082660037	rgb(117,239,228)	40S ribosomal protein S3a; May play a role during erythropoiesis through regulation of transcription factor DDIT3; Belongs to the eukaryotic ribosomal protein eS1 family.
RPS5	9606.ENSP00000472985	0.4985474499677211	0.7038844002486017	rgb(117,197,239)	40S ribosomal protein S5, N-terminally processed; Ribosomal protein S5; Belongs to the universal ribosomal protein uS7 family.
RPS6	9606.ENSP00000369757	0.4247579083279535	0.8756059664387819	rgb(117,185,239)	40S ribosomal protein S6; May play an important role in controlling cell growth and proliferation through the selective translation of particular classes of mRNA; Belongs to the eukaryotic ribosomal protein eS6 family.
RTL8C	9606.ENSP00000257013	0.741994835377663	0.26255438160348044	rgb(239,149,117)	Retrotransposon Gag like 8C; Belongs to the FAM127 family.
RTN1	9606.ENSP00000267484	0.6118463524854746	0.7547855811062772	rgb(157,239,117)	Reticulon-1; May be involved in neuroendocrine secretion or in membrane trafficking in neuroendocrine cells.
RTN3	9606.ENSP00000367050	0.38989670755326017	0.1663455562461156	rgb(130,239,117)	Reticulon-3; May be involved in membrane trafficking in the early secretory pathway. Inhibits BACE1 activity and amyloid precursor protein processing. May induce caspase-8 cascade and apoptosis. May favor BCL2 translocation to the mitochondria upon endoplasmic reticulum stress. In case of enteroviruses infection, RTN3 may be involved in the viral replication or pathogenesis. Induces the formation of endoplasmic reticulum tubules.
SCG2	9606.ENSP00000304133	0.5479341510652034	0.4286824114356743	rgb(239,129,117)	Secretogranin-2; Neuroendocrine protein of the granin family that regulates the biogenesis of secretory granules.
SCG5	9606.ENSP00000300175	0.6153324725629439	0.4286824114356743	rgb(210,239,117)	Neuroendocrine protein 7B2; Acts as a molecular chaperone for PCSK2/PC2, preventing its premature activation in the regulated secretory pathway. Binds to inactive PCSK2 in the endoplasmic reticulum and facilitates its transport from there to later compartments of the secretory pathway where it is proteolytically matured and activated. Also required for cleavage of PCSK2 but does not appear to be involved in its folding. Plays a role in regulating pituitary hormone secretion. The C-terminal peptide inhibits PCSK2 in vitro.
SCOC	9606.ENSP00000477352	0.7524531956100711	0.1271908017402113	rgb(239,141,117)	Short coiled-coil protein; Positive regulator of amino acid starvation-induced autophagy; Belongs to the SCOC family.
SCRN1	9606.ENSP00000388942	0.9058424790187218	0.26255438160348044	rgb(239,194,117)	Secernin-1; Regulates exocytosis in mast cells. Increases both the extent of secretion and the sensitivity of mast cells to stimulation with calcium (By similarity).
SERINC1	9606.ENSP00000342962	0.6501936733376372	0.8409260410192667	rgb(239,206,117)	Serine incorporator 1; Enhances the incorporation of serine into phosphatidylserine and sphingolipids; Belongs to the TDE1 family.
SH3GL2	9606.ENSP00000369981	0.5212072304712718	0.1529210689869484	rgb(117,117,239)	Endophilin-A1; Implicated in synaptic vesicle endocytosis. May recruit other proteins to membranes with high curvature. Required for BDNF-dependent dendrite outgrowth. Cooperates with SH3GL2 to mediate BDNF-NTRK2 early endocytic trafficking and signaling from early endosomes.
SKP1	9606.ENSP00000231487	0.19932214331826986	0.5668427594779366	rgb(239,203,117)	S-phase kinase-associated protein 1; Essential component of the SCF (SKP1-CUL1-F-box protein) ubiquitin ligase complex, which mediates the ubiquitination of proteins involved in cell cycle progression, signal transduction and transcription. In the SCF complex, serves as an adapter that links the F-box protein to CUL1. The functional specificity of the SCF complex depends on the F-box protein as substrate recognition component. SCF(BTRC) and SCF(FBXW11) direct ubiquitination of CTNNB1 and participate in Wnt signaling. SCF(FBXW11) directs ubiquitination of phosphorylated NFKBIA. SCF(BTRC [...] 
SLC10A4	9606.ENSP00000273861	0.6885409941897999	0.22563704164077064	rgb(239,152,117)	Sodium/bile acid cotransporter 4; Transporter for bile acids; Belongs to the bile acid:sodium symporter (BASS) (TC 2.A.28) family.
SLC12A5	9606.ENSP00000387694	0.2411555842479019	0.12998756991920446	rgb(117,123,239)	Solute carrier family 12 member 5; Mediates electroneutral potassium-chloride cotransport in mature neurons and is required for neuronal Cl(-) homeostasis. As major extruder of intracellular chloride, it establishes the low neuronal Cl(-) levels required for chloride influx after binding of GABA-A and glycine to their receptors, with subsequent hyperpolarization and neuronal inhibition (By similarity). Involved in the regulation of dendritic spine formation and maturation.
SLC17A6	9606.ENSP00000263160	0.22430600387346677	0.2866065879428216	rgb(117,117,239)	Vesicular glutamate transporter 2; Mediates the uptake of glutamate into synaptic vesicles at presynaptic nerve terminals of excitatory neural cells. May also mediate the transport of inorganic phosphate. Belongs to the major facilitator superfamily. Sodium/anion cotransporter family. VGLUT subfamily.
SLC18A2	9606.ENSP00000496339	0.31668818592640413	0.2910814170292107	rgb(239,164,117)	Synaptic vesicular amine transporter; Involved in the ATP-dependent vesicular transport of biogenic amine neurotransmitters. Pumps cytosolic monoamines including dopamine, norepinephrine, serotonin, and histamine into synaptic vesicles. Requisite for vesicular amine storage prior to secretion via exocytosis.
SLC24A2	9606.ENSP00000344801	0.7652356358941254	0.16410814170292107	rgb(117,117,239)	Sodium/potassium/calcium exchanger 2; Critical component of the visual transduction cascade, controlling the calcium concentration of outer segments during light and darkness. Light causes a rapid lowering of cytosolic free calcium in the outer segment of both retinal rod and cone photoreceptors and the light-induced lowering of calcium is caused by extrusion via this protein which plays a key role in the process of light adaptation. Transports 1 Ca(2+) and 1 K(+) in exchange for 4 Na(+).
SLC6A3	9606.ENSP00000270349	0.26207230471271786	0.286047234307023	rgb(239,179,117)	Sodium-dependent dopamine transporter; Amine transporter. Terminates the action of dopamine by its high affinity sodium-dependent reuptake into presynaptic terminals.
SLC9A6	9606.ENSP00000359729	0.16446094254357652	0.41022374145431945	rgb(237,239,117)	Sodium/hydrogen exchanger 6; Electroneutral exchange of protons for Na(+) and K(+) across the early and recycling endosome membranes. Contributes to calcium homeostasis.
SNAP25	9606.ENSP00000254976	0.47821174951581663	0.2659105034182722	rgb(117,117,239)	Synaptosomal-associated protein 25; t-SNARE involved in the molecular regulation of neurotransmitter release. May play an important role in the synaptic function of specific neuronal systems. Associates with proteins involved in vesicle docking and membrane fusion. Regulates plasma membrane recycling through its interaction with CENPF. Modulates the gating characteristics of the delayed rectifier voltage-dependent potassium channel KCNB1 in pancreatic beta cells. Belongs to the SNAP-25 family.
SNAP91	9606.ENSP00000400459	0.48111684958037443	0.14676817899316347	rgb(117,158,239)	Clathrin coat assembly protein AP180; Adaptins are components of the adapter complexes which link clathrin to receptors in coated vesicles. Clathrin-associated protein complexes are believed to interact with the cytoplasmic tails of membrane proteins, leading to their selection and concentration. Binding of AP180 to clathrin triskelia induces their assembly into 60- 70 nm coats (By similarity); Belongs to the PICALM/SNAP91 family.
SNX10	9606.ENSP00000395474	0.9058424790187218	0.41022374145431945	rgb(239,120,117)	Sorting nexin-10; Probable phosphoinositide-binding protein involved in protein sorting and membrane trafficking in endosomes. Plays a role in cilium biogenesis through regulation of the transport and the localization of proteins to the cilium. Required for the localization to the cilium of V-ATPase subunit ATP6V1D and ATP6V0D1, and RAB8A. Involved in osteoclast differentiation and therefore bone resorption.
STMN2	9606.ENSP00000429243	0.6193996126533248	0.3067433188315724	rgb(216,239,117)	Stathmin-2; Regulator of microtubule stability. When phosphorylated by MAPK8, stabilizes microtubules and consequently controls neurite length in cortical neurons. In the developing brain, negatively regulates the rate of exit from multipolar stage and retards radial migration from the ventricular zone (By similarity).
STXBP1	9606.ENSP00000362399	0.42591994835377667	0.18200745804847734	rgb(117,173,239)	Syntaxin-binding protein 1; Participates in the regulation of synaptic vesicle docking and fusion through interaction with GTP-binding proteins (By similarity). Essential for neurotransmission and binds syntaxin, a component of the synaptic vesicle fusion machinery probably in a 1:1 ratio. Can interact with syntaxins 1, 2, and 3 but not syntaxin 4. May play a role in determining the specificity of intracellular fusion reactions.
SV2A	9606.ENSP00000358142	0.5456100710135572	0.22116221255438162	rgb(117,141,239)	Synaptic vesicle glycoprotein 2A; Plays a role in the control of regulated secretion in neural and endocrine cells, enhancing selectively low-frequency neurotransmission. Positively regulates vesicle fusion by maintaining the readily releasable pool of secretory vesicles (By similarity).
SV2C	9606.ENSP00000423541	0.5363137508069723	0.18088875077688005	rgb(239,173,117)	Synaptic vesicle glycoprotein 2C; Plays a role in the control of regulated secretion in neural and endocrine cells, enhancing selectively low-frequency neurotransmission. Positively regulates vesicle fusion by maintaining the readily releasable pool of secretory vesicles.  (Microbial infection) Possible receptor for C.botulinum neurotoxin type D (BoNT/D, botD); note that type D does not usually infect humans; Belongs to the major facilitator superfamily.
SYNGR3	9606.ENSP00000248121	0.320755326016785	0.2362647607209447	rgb(150,101,255)	Synaptogyrin-3; May play a role in regulated exocytosis. May indirectly regulate the activity of the plasma membrane dopamine transporter SLC6A3 and thereby regulate dopamine transport back from the synaptic cleft into the presynaptic terminal; Belongs to the synaptogyrin family.
SYNPR	9606.ENSP00000418994	0.13889606197546805	0.7178682411435675	rgb(117,117,239)	Synaptoporin; Intrinsic membrane protein of small synaptic vesicles. Probable vesicular channel protein (By similarity); Belongs to the synaptophysin/synaptobrevin family.
SYT1	9606.ENSP00000261205	0.44276952872821174	0.27486016159105037	rgb(117,167,239)	Synaptotagmin-1; Calcium sensor that participates in triggering neurotransmitter release at the synapse (By similarity). May have a regulatory role in the membrane interactions during trafficking of synaptic vesicles at the active zone of the synapse (By similarity). It binds acidic phospholipids with a specificity that requires the presence of both an acidic head group and a diacyl backbone. A Ca(2+)- dependent interaction between synaptotagmin and putative receptors for activated protein kinase C has also been reported. It can bind to at least three additional proteins in a Ca(2+)-in [...] 
SYT4	9606.ENSP00000255224	0.6124273724983861	0.21221255438160347	rgb(101,255,163)	Synaptotagmin-4; Synaptotagmin family member which does not bind Ca(2+)  (By similarity). Involved in neuronal dense core vesicles (DCVs) mobility through its interaction with KIF1A. Upon increased neuronal activity, phosphorylation by MAPK8/JNK1 destabilizes the interaction with KIF1A and captures DCVs to synapses (By similarity). Plays a role in dendrite formation by melanocytes.
TAGLN3	9606.ENSP00000377494	0.25393802453195613	0.8655376009944066	rgb(117,164,239)	Transgelin-3; Transgelin 3.
TCEAL2	9606.ENSP00000361866	0.8826016785022596	0.22563704164077064	rgb(239,138,117)	Transcription elongation factor A protein-like 2; May be involved in transcriptional regulation; Belongs to the TFS-II family. TFA subfamily.
TCF7L2	9606.ENSP00000486891	0.918624919302776	0.8901491609695463	rgb(117,117,239)	Transcription factor 7-like 2; Participates in the Wnt signaling pathway and modulates MYC expression by binding to its promoter in a sequence-specific manner. Acts as repressor in the absence of CTNNB1, and as activator in its presence. Activates transcription from promoters with several copies of the Tcf motif 5'-CCTTTGATC-3' in the presence of CTNNB1. TLE1, TLE2, TLE3 and TLE4 repress transactivation mediated by TCF7L2/TCF4 and CTNNB1. Expression of dominant-negative mutants results in cell-cycle arrest in G1. Necessary for the maintenance of the epithelial stem-cell compartment of  [...] 
TERF2IP	9606.ENSP00000300086	0.8291478373143965	0.6563393412057179	rgb(133,239,117)	Telomeric repeat-binding factor 2-interacting protein 1; Acts both as a regulator of telomere function and as a transcription regulator. Involved in the regulation of telomere length and protection as a component of the shelterin complex (telosome). In contrast to other components of the shelterin complex, it is dispensible for telomere capping and does not participate in the protection of telomeres against non-homologous end-joining (NHEJ)- mediated repair. Instead, it is required to negatively regulate telomere recombination and is essential for repressing homology- directed repair ( [...] 
TH	9606.ENSP00000370571	0.21791478373143963	0.37945929148539465	rgb(239,158,117)	Tyrosine 3-monooxygenase; Plays an important role in the physiology of adrenergic neurons.
TMEM255A	9606.ENSP00000310110	0.21559070367979344	0.7178682411435675	rgb(239,170,117)	Transmembrane protein 255A; Belongs to the TMEM255 family.
TPI1	9606.ENSP00000229270	0.5793092317624274	0.5355189558732132	rgb(117,120,239)	Triosephosphate isomerase; Triosephosphate isomerase is an extremely efficient metabolic enzyme that catalyzes the interconversion between dihydroxyacetone phosphate (DHAP) and D-glyceraldehyde-3-phosphate (G3P) in glycolysis and gluconeogenesis.
TSPAN13	9606.ENSP00000262067	0.7652356358941254	0.484058421379739	rgb(181,239,117)	Tetraspanin-13; Tetraspanin 13.
TSPAN7	9606.ENSP00000367743	0.8930600387346677	0.3117775015537601	rgb(117,117,239)	Tetraspanin-7; May be involved in cell proliferation and cell motility.
TUBB	9606.ENSP00000339001	0.30739186571981925	0.621100062150404	rgb(239,146,117)	Tubulin beta chain; Tubulin is the major constituent of microtubules. It binds two moles of GTP, one at an exchangeable site on the beta chain and one at a non-exchangeable site on the alpha chain.
TUBB2A	9606.ENSP00000369703	0.35271142672692063	0.4790242386575513	rgb(239,135,117)	Tubulin beta-2A chain; Tubulin is the major constituent of microtubules. It binds two moles of GTP, one at an exchangeable site on the beta chain and one at a non-exchangeable site on the alpha chain (By similarity).
TUBB3	9606.ENSP00000320295	0.43173014848289215	0.43036047234307023	rgb(239,191,117)	Tubulin beta-3 chain; Tubulin is the major constituent of microtubules. It binds two moles of GTP, one at an exchangeable site on the beta chain and one at a non-exchangeable site on the alpha chain. TUBB3 plays a critical role in proper axon guidance and mantainance. Binding of NTN1/Netrin-1 to its receptor UNC5C might cause dissociation of UNC5C from polymerized TUBB3 in microtubules and thereby lead to increased microtubule dynamics and axon repulsion. Plays a role in dorsal root ganglion axon projection towards the spinal cord.
TUBB4B	9606.ENSP00000341289	0.26904454486765655	0.5030764449968925	rgb(239,176,117)	Tubulin beta-4B chain; Tubulin is the major constituent of microtubules. It binds two moles of GTP, one at an exchangeable site on the beta chain and one at a non-exchangeable site on the alpha chain; Belongs to the tubulin family.
TXNIP	9606.ENSP00000462521	0.3178502259522272	0.13949658172778123	rgb(239,218,117)	Thioredoxin-interacting protein; May act as an oxidative stress mediator by inhibiting thioredoxin activity or by limiting its bioavailability. Interacts with COPS5 and restores COPS5-induced suppression of CDKN1B stability, blocking the COPS5-mediated translocation of CDKN1B from the nucleus to the cytoplasm. Functions as a transcriptional repressor, possibly by acting as a bridge molecule between transcription factors and corepressor complexes, and over-expression will induce G0/G1 cell cycle arrest. Required for the maturation of natural killer cells. Acts as a suppressor of tumor c [...] 
UBA52	9606.ENSP00000388107	0.3585216268560361	0.6568986948415165	rgb(117,239,219)	Ubiquitin-60S ribosomal protein L40; [Ubiquitin]: Exists either covalently attached to another protein, or free (unanchored). When covalently bound, it is conjugated to target proteins via an isopeptide bond either as a monomer (monoubiquitin), a polymer linked via different Lys residues of the ubiquitin (polyubiquitin chains) or a linear polymer linked via the initiator Met of the ubiquitin (linear polyubiquitin chains). Polyubiquitin chains, when attached to a target protein, have different functions depending on the Lys residue of the ubiquitin that is linked: Lys-6-linked may be in [...] 
UCHL1	9606.ENSP00000284440	0.46368624919302776	0.5383157240522063	rgb(239,230,117)	Ubiquitin carboxyl-terminal hydrolase isozyme L1; Ubiquitin-protein hydrolase involved both in the processing of ubiquitin precursors and of ubiquitinated proteins (Probable). This enzyme is a thiol protease that recognizes and hydrolyzes a peptide bond at the C-terminal glycine of ubiquitin. Also binds to free monoubiquitin and may prevent its degradation in lysosomes (By similarity). The homodimer may have ATP-independent ubiquitin ligase activity.
UQCRFS1	9606.ENSP00000306397	0.7844092963202066	0.7022063393412058	rgb(117,117,239)	Cytochrome b-c1 complex subunit Rieske, mitochondrial; [Cytochrome b-c1 complex subunit Rieske, mitochondrial]: Component of the ubiquinol-cytochrome c oxidoreductase, a multisubunit transmembrane complex that is part of the mitochondrial electron transport chain which drives oxidative phosphorylation. The respiratory chain contains 3 multisubunit complexes succinate dehydrogenase (complex II, CII), ubiquinol-cytochrome c oxidoreductase (cytochrome b- c1 complex, complex III, CIII) and cytochrome c oxidase (complex IV, CIV), that cooperate to transfer electrons derived from NADH and su [...] 
UQCRH	9606.ENSP00000309565	0.8436733376371853	0.8185518955873214	rgb(117,146,239)	Cytochrome b-c1 complex subunit 6, mitochondrial; Component of the ubiquinol-cytochrome c oxidoreductase, a multisubunit transmembrane complex that is part of the mitochondrial electron transport chain which drives oxidative phosphorylation. The respiratory chain contains 3 multisubunit complexes succinate dehydrogenase (complex II, CII), ubiquinol-cytochrome c oxidoreductase (cytochrome b-c1 complex, complex III, CIII) and cytochrome c oxidase (complex IV, CIV), that cooperate to transfer electrons derived from NADH and succinate to molecular oxygen, creating an electrochemical gradie [...] 
UQCRQ	9606.ENSP00000367939	0.7501291155584249	0.7894655065257924	rgb(139,239,117)	Cytochrome b-c1 complex subunit 8; Component of the ubiquinol-cytochrome c oxidoreductase, a multisubunit transmembrane complex that is part of the mitochondrial electron transport chain which drives oxidative phosphorylation. The respiratory chain contains 3 multisubunit complexes succinate dehydrogenase (complex II, CII), ubiquinol-cytochrome c oxidoreductase (cytochrome b-c1 complex, complex III, CIII) and cytochrome c oxidase (complex IV, CIV), that cooperate to transfer electrons derived from NADH and succinate to molecular oxygen, creating an electrochemical gradient over the inn [...] 
VDAC2	9606.ENSP00000361635	0.7175919948353777	0.5220944686140461	rgb(127,239,117)	Voltage-dependent anion-selective channel protein 2; Forms a channel through the mitochondrial outer membrane that allows diffusion of small hydrophilic molecules. The channel adopts an open conformation at low or zero membrane potential and a closed conformation at potentials above 30-40 mV. The open state has a weak anion selectivity whereas the closed state is cation-selective; Belongs to the eukaryotic mitochondrial porin family.
VIM	9606.ENSP00000446007	0.32249838605551967	0.4415475450590429	rgb(117,227,239)	Vimentin; Vimentins are class-III intermediate filaments found in various non-epithelial cells, especially mesenchymal cells. Vimentin is attached to the nucleus, endoplasmic reticulum, and mitochondria, either laterally or terminally.
VSNL1	9606.ENSP00000384719	0.15167850225952229	0.2994717215661902	rgb(117,129,239)	Visinin-like protein 1; Regulates (in vitro) the inhibition of rhodopsin phosphorylation in a calcium-dependent manner; Belongs to the recoverin family.
YWHAB	9606.ENSP00000361930	0.1749193027759845	0.45776880049720325	rgb(117,126,239)	14-3-3 protein beta/alpha, N-terminally processed; Adapter protein implicated in the regulation of a large spectrum of both general and specialized signaling pathways. Binds to a large number of partners, usually by recognition of a phosphoserine or phosphothreonine motif. Binding generally results in the modulation of the activity of the binding partner. Negative regulator of osteogenesis. Blocks the nuclear translocation of the phosphorylated form (by AKT1) of SRPK2 and antagonizes its stimulatory effect on cyclin D1 expression resulting in blockage of neuronal apoptosis elicited by  [...] 
YWHAG	9606.ENSP00000306330	0.19932214331826986	0.49356743318831575	rgb(231,239,117)	14-3-3 protein gamma, N-terminally processed; Adapter protein implicated in the regulation of a large spectrum of both general and specialized signaling pathways. Binds to a large number of partners, usually by recognition of a phosphoserine or phosphothreonine motif. Binding generally results in the modulation of the activity of the binding partner.
YWHAZ	9606.ENSP00000379287	0.2556810845706908	0.4801429459291486	rgb(117,138,239)	14-3-3 protein zeta/delta; Adapter protein implicated in the regulation of a large spectrum of both general and specialized signaling pathways. Binds to a large number of partners, usually by recognition of a phosphoserine or phosphothreonine motif. Binding generally results in the modulation of the activity of the binding partner. Induces ARHGEF7 activity on RAC1 as well as lamellipodia and membrane ruffle formation. In neurons, regulates spine maturation through the modulation of ARHGEF7 activity (By similarity). Belongs to the 14-3-3 family.
ZBTB18	9606.ENSP00000351539	0.16446094254357652	0.7547855811062772	rgb(14,178,0)	Zinc finger and BTB domain-containing protein 18; Transcriptional repressor that plays a role in various developmental processes such as myogenesis and brain development. Plays a key role in myogenesis by directly repressing the expression of ID2 and ID3, 2 inhibitors of skeletal myogenesis. Also involved in controlling cell division of progenitor cells and regulating the survival of postmitotic cortical neurons. Specifically binds the consensus DNA sequence 5'-[AC]ACATCTG[GT][AC]-3' which contains the E box core, and acts by recruiting chromatin remodeling multiprotein complexes. May  [...] 
ZIC1	9606.ENSP00000282928	0.8163653970303422	0.3363890615288999	rgb(255,175,101)	Zinc finger protein ZIC 1; Acts as a transcriptional activator. Involved in neurogenesis. Plays important roles in the early stage of organogenesis of the CNS, as well as during dorsal spinal cord development and maturation of the cerebellum. Involved in the spatial distribution of mossy fiber (MF) neurons within the pontine gray nucleus (PGN). Plays a role in the regulation of MF axon pathway choice. Promotes MF migration towards ipsilaterally-located cerebellar territories. May have a role in shear flow mechanotransduction in osteocytes. Retains nuclear GLI1 and GLI3 in the cytoplasm [...] 
