#term ID	term description	observed gene count	background gene count	strength	signal	false discovery rate	matching proteins in your network (IDs)	matching proteins in your network (labels)
hsa05030	Cocaine addiction	3	49	2.04	1.55	0.00095	9606.ENSP00000270349,9606.ENSP00000370571,9606.ENSP00000496339	SLC6A3,TH,SLC18A2
hsa05031	Amphetamine addiction	3	65	1.92	1.48	0.0011	9606.ENSP00000270349,9606.ENSP00000370571,9606.ENSP00000496339	SLC6A3,TH,SLC18A2
hsa04728	Dopaminergic synapse	3	126	1.63	1.09	0.0049	9606.ENSP00000270349,9606.ENSP00000370571,9606.ENSP00000496339	SLC6A3,TH,SLC18A2
hsa05034	Alcoholism	3	146	1.57	1.05	0.0056	9606.ENSP00000270349,9606.ENSP00000370571,9606.ENSP00000496339	SLC6A3,TH,SLC18A2
hsa05012	Parkinson disease	3	236	1.36	0.78	0.0182	9606.ENSP00000270349,9606.ENSP00000370571,9606.ENSP00000496339	SLC6A3,TH,SLC18A2
hsa04721	Synaptic vesicle cycle	2	72	1.7	0.7	0.0419	9606.ENSP00000270349,9606.ENSP00000496339	SLC6A3,SLC18A2
