#term ID	term description	observed gene count	background gene count	strength	signal	false discovery rate	matching proteins in your network (IDs)	matching proteins in your network (labels)
WP2855	Dopaminergic neurogenesis	4	30	2.38	2.96	1.89e-06	9606.ENSP00000270349,9606.ENSP00000297785,9606.ENSP00000370571,9606.ENSP00000496339	SLC6A3,ALDH1A1,TH,SLC18A2
WP4220	Neurotransmitter disorders	3	10	2.73	2.62	1.44e-05	9606.ENSP00000270349,9606.ENSP00000370571,9606.ENSP00000496339	SLC6A3,TH,SLC18A2
WP1602	Nicotine effect on dopaminergic neurons	2	21	2.23	0.94	0.0185	9606.ENSP00000370571,9606.ENSP00000496339	TH,SLC18A2
WP727	Monoamine transport	2	32	2.05	0.81	0.0307	9606.ENSP00000270349,9606.ENSP00000370571	SLC6A3,TH
WP2371	Parkinsons disease pathway	2	38	1.97	0.78	0.0341	9606.ENSP00000270349,9606.ENSP00000370571	SLC6A3,TH
