#term ID	term description	observed gene count	background gene count	strength	signal	false discovery rate	matching proteins in your network (IDs)	matching proteins in your network (labels)
GO:0006836	Neurotransmitter transport	4	138	1.72	0.94	0.0129	9606.ENSP00000270349,9606.ENSP00000370571,9606.ENSP00000423541,9606.ENSP00000496339	SLC6A3,TH,SV2C,SLC18A2
GO:0006814	Sodium ion transport	4	202	1.55	0.76	0.0283	9606.ENSP00000270349,9606.ENSP00000273861,9606.ENSP00000396198,9606.ENSP00000496339	SLC6A3,SLC10A4,FGF13,SLC18A2
GO:0015842	Aminergic neurotransmitter loading into synaptic vesicle	2	4	2.95	0.86	0.0283	9606.ENSP00000370571,9606.ENSP00000496339	TH,SLC18A2
GO:0042416	Dopamine biosynthetic process	2	9	2.6	0.77	0.0399	9606.ENSP00000270349,9606.ENSP00000370571	SLC6A3,TH
GO:1990384	Hyaloid vascular plexus regression	2	7	2.71	0.77	0.0399	9606.ENSP00000270349,9606.ENSP00000370571	SLC6A3,TH
