#term ID	term description	observed gene count	background gene count	strength	signal	false discovery rate	matching proteins in your network (IDs)	matching proteins in your network (labels)
hsa00190	Oxidative phosphorylation	11	128	1.67	3.45	2.46e-13	9606.ENSP00000253413,9606.ENSP00000262030,9606.ENSP00000273398,9606.ENSP00000306397,9606.ENSP00000309565,9606.ENSP00000330737,9606.ENSP00000349142,9606.ENSP00000381736,9606.ENSP00000429707,9606.ENSP00000458770,9606.ENSP00000497474	ATP6V1E1,ATP5F1B,ATP6V1A,UQCRFS1,UQCRH,NDUFA12,ATP5F1C,ATP5F1A,COX6C,NDUFAB1,COX7B
hsa05012	Parkinson disease	10	236	1.37	2.11	2.42e-09	9606.ENSP00000262030,9606.ENSP00000306397,9606.ENSP00000309565,9606.ENSP00000330737,9606.ENSP00000349142,9606.ENSP00000361635,9606.ENSP00000381736,9606.ENSP00000429707,9606.ENSP00000458770,9606.ENSP00000497474	ATP5F1B,UQCRFS1,UQCRH,NDUFA12,ATP5F1C,VDAC2,ATP5F1A,COX6C,NDUFAB1,COX7B
hsa05010	Alzheimer disease	11	354	1.23	1.85	2.95e-09	9606.ENSP00000262030,9606.ENSP00000306397,9606.ENSP00000309565,9606.ENSP00000330737,9606.ENSP00000349142,9606.ENSP00000361635,9606.ENSP00000367050,9606.ENSP00000381736,9606.ENSP00000429707,9606.ENSP00000458770,9606.ENSP00000497474	ATP5F1B,UQCRFS1,UQCRH,NDUFA12,ATP5F1C,VDAC2,RTN3,ATP5F1A,COX6C,NDUFAB1,COX7B
hsa05014	Amyotrophic lateral sclerosis	11	350	1.24	1.86	2.95e-09	9606.ENSP00000221166,9606.ENSP00000262030,9606.ENSP00000306397,9606.ENSP00000309565,9606.ENSP00000330737,9606.ENSP00000349142,9606.ENSP00000381736,9606.ENSP00000429707,9606.ENSP00000458770,9606.ENSP00000482169,9606.ENSP00000497474	NEFM,ATP5F1B,UQCRFS1,UQCRH,NDUFA12,ATP5F1C,ATP5F1A,COX6C,NDUFAB1,NEFL,COX7B
hsa05020	Prion disease	10	263	1.32	2.01	2.95e-09	9606.ENSP00000262030,9606.ENSP00000306397,9606.ENSP00000309565,9606.ENSP00000330737,9606.ENSP00000349142,9606.ENSP00000361635,9606.ENSP00000381736,9606.ENSP00000429707,9606.ENSP00000458770,9606.ENSP00000497474	ATP5F1B,UQCRFS1,UQCRH,NDUFA12,ATP5F1C,VDAC2,ATP5F1A,COX6C,NDUFAB1,COX7B
hsa05016	Huntington disease	10	295	1.27	1.87	6.70e-09	9606.ENSP00000262030,9606.ENSP00000306397,9606.ENSP00000309565,9606.ENSP00000330737,9606.ENSP00000349142,9606.ENSP00000361635,9606.ENSP00000381736,9606.ENSP00000429707,9606.ENSP00000458770,9606.ENSP00000497474	ATP5F1B,UQCRFS1,UQCRH,NDUFA12,ATP5F1C,VDAC2,ATP5F1A,COX6C,NDUFAB1,COX7B
hsa04714	Thermogenesis	9	226	1.34	1.94	1.41e-08	9606.ENSP00000262030,9606.ENSP00000306397,9606.ENSP00000309565,9606.ENSP00000330737,9606.ENSP00000349142,9606.ENSP00000381736,9606.ENSP00000429707,9606.ENSP00000458770,9606.ENSP00000497474	ATP5F1B,UQCRFS1,UQCRH,NDUFA12,ATP5F1C,ATP5F1A,COX6C,NDUFAB1,COX7B
hsa01100	Metabolic pathways	15	1435	0.76	0.89	4.89e-07	9606.ENSP00000253413,9606.ENSP00000262030,9606.ENSP00000273398,9606.ENSP00000306397,9606.ENSP00000309565,9606.ENSP00000330737,9606.ENSP00000349142,9606.ENSP00000357838,9606.ENSP00000359991,9606.ENSP00000381736,9606.ENSP00000429707,9606.ENSP00000458770,9606.ENSP00000496166,9606.ENSP00000496597,9606.ENSP00000497474	ATP6V1E1,ATP5F1B,ATP6V1A,UQCRFS1,UQCRH,NDUFA12,ATP5F1C,OAT,PGAM1,ATP5F1A,COX6C,NDUFAB1,ALDOA,PFKM,COX7B
hsa04932	Non-alcoholic fatty liver disease	6	146	1.35	1.43	1.14e-05	9606.ENSP00000306397,9606.ENSP00000309565,9606.ENSP00000330737,9606.ENSP00000429707,9606.ENSP00000458770,9606.ENSP00000497474	UQCRFS1,UQCRH,NDUFA12,COX6C,NDUFAB1,COX7B
hsa04260	Cardiac muscle contraction	5	87	1.5	1.47	2.23e-05	9606.ENSP00000306397,9606.ENSP00000309565,9606.ENSP00000359729,9606.ENSP00000429707,9606.ENSP00000497474	UQCRFS1,UQCRH,SLC9A6,COX6C,COX7B
hsa00010	Glycolysis / Gluconeogenesis	3	64	1.41	0.73	0.0075	9606.ENSP00000359991,9606.ENSP00000496166,9606.ENSP00000496597	PGAM1,ALDOA,PFKM
hsa01230	Biosynthesis of amino acids	3	73	1.35	0.68	0.0100	9606.ENSP00000359991,9606.ENSP00000496166,9606.ENSP00000496597	PGAM1,ALDOA,PFKM
hsa04966	Collecting duct acid secretion	2	24	1.66	0.59	0.0264	9606.ENSP00000253413,9606.ENSP00000273398	ATP6V1E1,ATP6V1A
hsa01200	Carbon metabolism	3	116	1.15	0.5	0.0317	9606.ENSP00000359991,9606.ENSP00000496166,9606.ENSP00000496597	PGAM1,ALDOA,PFKM
hsa00030	Pentose phosphate pathway	2	29	1.58	0.55	0.0326	9606.ENSP00000496166,9606.ENSP00000496597	ALDOA,PFKM
hsa00051	Fructose and mannose metabolism	2	32	1.53	0.53	0.0367	9606.ENSP00000496166,9606.ENSP00000496597	ALDOA,PFKM
