#term ID	term description	observed gene count	background gene count	strength	signal	false discovery rate	matching proteins in your network (IDs)	matching proteins in your network (labels)
GO:0046034	ATP metabolic process	10	163	1.53	2.3	6.75e-09	9606.ENSP00000262030,9606.ENSP00000273398,9606.ENSP00000330737,9606.ENSP00000349142,9606.ENSP00000359991,9606.ENSP00000381736,9606.ENSP00000401770,9606.ENSP00000458770,9606.ENSP00000496166,9606.ENSP00000496597	ATP5F1B,ATP6V1A,NDUFA12,ATP5F1C,PGAM1,ATP5F1A,ATP5MPL,NDUFAB1,ALDOA,PFKM
GO:0006119	Oxidative phosphorylation	9	122	1.61	2.36	1.20e-08	9606.ENSP00000262030,9606.ENSP00000306397,9606.ENSP00000309565,9606.ENSP00000330737,9606.ENSP00000349142,9606.ENSP00000381736,9606.ENSP00000429707,9606.ENSP00000458770,9606.ENSP00000497474	ATP5F1B,UQCRFS1,UQCRH,NDUFA12,ATP5F1C,ATP5F1A,COX6C,NDUFAB1,COX7B
GO:0006091	Generation of precursor metabolites and energy	12	411	1.2	1.72	1.36e-08	9606.ENSP00000262030,9606.ENSP00000306397,9606.ENSP00000309565,9606.ENSP00000330737,9606.ENSP00000349142,9606.ENSP00000359991,9606.ENSP00000381736,9606.ENSP00000429707,9606.ENSP00000458770,9606.ENSP00000496166,9606.ENSP00000496597,9606.ENSP00000497474	ATP5F1B,UQCRFS1,UQCRH,NDUFA12,ATP5F1C,PGAM1,ATP5F1A,COX6C,NDUFAB1,ALDOA,PFKM,COX7B
GO:0006754	ATP biosynthetic process	8	87	1.7	2.46	1.36e-08	9606.ENSP00000262030,9606.ENSP00000273398,9606.ENSP00000330737,9606.ENSP00000349142,9606.ENSP00000381736,9606.ENSP00000401770,9606.ENSP00000458770,9606.ENSP00000496166	ATP5F1B,ATP6V1A,NDUFA12,ATP5F1C,ATP5F1A,ATP5MPL,NDUFAB1,ALDOA
GO:0015980	Energy derivation by oxidation of organic compounds	10	262	1.32	1.84	4.35e-08	9606.ENSP00000262030,9606.ENSP00000306397,9606.ENSP00000309565,9606.ENSP00000330737,9606.ENSP00000349142,9606.ENSP00000381736,9606.ENSP00000429707,9606.ENSP00000458770,9606.ENSP00000496597,9606.ENSP00000497474	ATP5F1B,UQCRFS1,UQCRH,NDUFA12,ATP5F1C,ATP5F1A,COX6C,NDUFAB1,PFKM,COX7B
GO:0009150	Purine ribonucleotide metabolic process	11	390	1.19	1.6	7.47e-08	9606.ENSP00000262030,9606.ENSP00000273398,9606.ENSP00000304229,9606.ENSP00000330737,9606.ENSP00000349142,9606.ENSP00000359991,9606.ENSP00000381736,9606.ENSP00000401770,9606.ENSP00000458770,9606.ENSP00000496166,9606.ENSP00000496597	ATP5F1B,ATP6V1A,HINT1,NDUFA12,ATP5F1C,PGAM1,ATP5F1A,ATP5MPL,NDUFAB1,ALDOA,PFKM
GO:0015986	Proton motive force-driven ATP synthesis	7	74	1.71	2.25	9.91e-08	9606.ENSP00000262030,9606.ENSP00000273398,9606.ENSP00000330737,9606.ENSP00000349142,9606.ENSP00000381736,9606.ENSP00000401770,9606.ENSP00000458770	ATP5F1B,ATP6V1A,NDUFA12,ATP5F1C,ATP5F1A,ATP5MPL,NDUFAB1
GO:0042775	Mitochondrial ATP synthesis coupled electron transport	6	92	1.55	1.58	1.12e-05	9606.ENSP00000306397,9606.ENSP00000309565,9606.ENSP00000330737,9606.ENSP00000429707,9606.ENSP00000458770,9606.ENSP00000497474	UQCRFS1,UQCRH,NDUFA12,COX6C,NDUFAB1,COX7B
GO:0042776	Proton motive force-driven mitochondrial ATP synthesis	5	64	1.63	1.41	6.81e-05	9606.ENSP00000262030,9606.ENSP00000330737,9606.ENSP00000349142,9606.ENSP00000381736,9606.ENSP00000458770	ATP5F1B,NDUFA12,ATP5F1C,ATP5F1A,NDUFAB1
GO:0019646	Aerobic electron transport chain	5	87	1.5	1.18	0.00027	9606.ENSP00000306397,9606.ENSP00000309565,9606.ENSP00000429707,9606.ENSP00000458770,9606.ENSP00000497474	UQCRFS1,UQCRH,COX6C,NDUFAB1,COX7B
GO:0044281	Small molecule metabolic process	13	1645	0.64	0.54	0.0014	9606.ENSP00000256854,9606.ENSP00000262030,9606.ENSP00000273398,9606.ENSP00000304229,9606.ENSP00000330737,9606.ENSP00000349142,9606.ENSP00000357838,9606.ENSP00000359991,9606.ENSP00000381736,9606.ENSP00000401770,9606.ENSP00000458770,9606.ENSP00000496166,9606.ENSP00000496597	NARS1,ATP5F1B,ATP6V1A,HINT1,NDUFA12,ATP5F1C,OAT,PGAM1,ATP5F1A,ATP5MPL,NDUFAB1,ALDOA,PFKM
GO:0006810	Transport	19	3785	0.44	0.4	0.0024	9606.ENSP00000253413,9606.ENSP00000262030,9606.ENSP00000273398,9606.ENSP00000300175,9606.ENSP00000306397,9606.ENSP00000306788,9606.ENSP00000309565,9606.ENSP00000330737,9606.ENSP00000345229,9606.ENSP00000349142,9606.ENSP00000359729,9606.ENSP00000360108,9606.ENSP00000361635,9606.ENSP00000367050,9606.ENSP00000377823,9606.ENSP00000381736,9606.ENSP00000451594,9606.ENSP00000482169,9606.ENSP00000497474	ATP6V1E1,ATP5F1B,ATP6V1A,SCG5,UQCRFS1,ARL6IP1,UQCRH,NDUFA12,DNER,ATP5F1C,SLC9A6,DNAJC6,VDAC2,RTN3,NDRG4,ATP5F1A,MOAP1,NEFL,COX7B
GO:0018130	Heterocycle biosynthetic process	10	985	0.74	0.58	0.0025	9606.ENSP00000217971,9606.ENSP00000262030,9606.ENSP00000273398,9606.ENSP00000330737,9606.ENSP00000349142,9606.ENSP00000357838,9606.ENSP00000381736,9606.ENSP00000401770,9606.ENSP00000458770,9606.ENSP00000496166	PGRMC1,ATP5F1B,ATP6V1A,NDUFA12,ATP5F1C,OAT,ATP5F1A,ATP5MPL,NDUFAB1,ALDOA
GO:1901566	Organonitrogen compound biosynthetic process	11	1338	0.65	0.49	0.0054	9606.ENSP00000217971,9606.ENSP00000256854,9606.ENSP00000262030,9606.ENSP00000273398,9606.ENSP00000330737,9606.ENSP00000349142,9606.ENSP00000357838,9606.ENSP00000381736,9606.ENSP00000401770,9606.ENSP00000458770,9606.ENSP00000496166	PGRMC1,NARS1,ATP5F1B,ATP6V1A,NDUFA12,ATP5F1C,OAT,ATP5F1A,ATP5MPL,NDUFAB1,ALDOA
GO:1901362	Organic cyclic compound biosynthetic process	10	1121	0.69	0.49	0.0070	9606.ENSP00000217971,9606.ENSP00000262030,9606.ENSP00000273398,9606.ENSP00000330737,9606.ENSP00000349142,9606.ENSP00000357838,9606.ENSP00000381736,9606.ENSP00000401770,9606.ENSP00000458770,9606.ENSP00000496166	PGRMC1,ATP5F1B,ATP6V1A,NDUFA12,ATP5F1C,OAT,ATP5F1A,ATP5MPL,NDUFAB1,ALDOA
GO:0033693	Neurofilament bundle assembly	2	3	2.56	0.79	0.0092	9606.ENSP00000221166,9606.ENSP00000482169	NEFM,NEFL
GO:0009987	Cellular process	36	14826	0.12	0.23	0.0100	9606.ENSP00000217971,9606.ENSP00000221166,9606.ENSP00000253413,9606.ENSP00000256854,9606.ENSP00000262030,9606.ENSP00000267484,9606.ENSP00000273398,9606.ENSP00000290401,9606.ENSP00000300175,9606.ENSP00000304229,9606.ENSP00000306397,9606.ENSP00000306788,9606.ENSP00000309565,9606.ENSP00000330737,9606.ENSP00000331310,9606.ENSP00000345229,9606.ENSP00000349142,9606.ENSP00000357838,9606.ENSP00000358865,9606.ENSP00000359729,9606.ENSP00000359991,9606.ENSP00000360108,9606.ENSP00000361207,9606.ENSP00000361635,9606.ENSP00000367050,9606.ENSP00000377823,9606.ENSP00000381736,9606.ENSP00000401770,9606.ENSP00000419425,9606.ENSP00000429707,9606.ENSP00000451594,9606.ENSP00000458770,9606.ENSP00000482169,9606.ENSP00000496166,9606.ENSP00000496597,9606.ENSP00000497474	PGRMC1,NEFM,ATP6V1E1,NARS1,ATP5F1B,RTN1,ATP6V1A,NPTN,SCG5,HINT1,UQCRFS1,ARL6IP1,UQCRH,NDUFA12,MORF4L1,DNER,ATP5F1C,OAT,INA,SLC9A6,PGAM1,DNAJC6,GHITM,VDAC2,RTN3,NDRG4,ATP5F1A,ATP5MPL,PPIA,COX6C,MOAP1,NDUFAB1,NEFL,ALDOA,PFKM,COX7B
GO:0071787	Endoplasmic reticulum tubular network formation	2	4	2.44	0.73	0.0128	9606.ENSP00000306788,9606.ENSP00000367050	ARL6IP1,RTN3
GO:0019438	Aromatic compound biosynthetic process	9	992	0.7	0.45	0.0152	9606.ENSP00000217971,9606.ENSP00000262030,9606.ENSP00000273398,9606.ENSP00000330737,9606.ENSP00000349142,9606.ENSP00000381736,9606.ENSP00000401770,9606.ENSP00000458770,9606.ENSP00000496166	PGRMC1,ATP5F1B,ATP6V1A,NDUFA12,ATP5F1C,ATP5F1A,ATP5MPL,NDUFAB1,ALDOA
GO:0006796	Phosphate-containing compound metabolic process	12	1877	0.54	0.37	0.0206	9606.ENSP00000262030,9606.ENSP00000273398,9606.ENSP00000304229,9606.ENSP00000330737,9606.ENSP00000349142,9606.ENSP00000359991,9606.ENSP00000360108,9606.ENSP00000381736,9606.ENSP00000401770,9606.ENSP00000458770,9606.ENSP00000496166,9606.ENSP00000496597	ATP5F1B,ATP6V1A,HINT1,NDUFA12,ATP5F1C,PGAM1,DNAJC6,ATP5F1A,ATP5MPL,NDUFAB1,ALDOA,PFKM
GO:0046483	Heterocycle metabolic process	15	2891	0.45	0.34	0.0208	9606.ENSP00000217971,9606.ENSP00000256854,9606.ENSP00000262030,9606.ENSP00000273398,9606.ENSP00000304229,9606.ENSP00000330737,9606.ENSP00000331310,9606.ENSP00000349142,9606.ENSP00000357838,9606.ENSP00000359991,9606.ENSP00000381736,9606.ENSP00000401770,9606.ENSP00000458770,9606.ENSP00000496166,9606.ENSP00000496597	PGRMC1,NARS1,ATP5F1B,ATP6V1A,HINT1,NDUFA12,MORF4L1,ATP5F1C,OAT,PGAM1,ATP5F1A,ATP5MPL,NDUFAB1,ALDOA,PFKM
GO:0006915	Apoptotic process	9	1041	0.67	0.42	0.0210	9606.ENSP00000304229,9606.ENSP00000306788,9606.ENSP00000361207,9606.ENSP00000361635,9606.ENSP00000367050,9606.ENSP00000381736,9606.ENSP00000419425,9606.ENSP00000451594,9606.ENSP00000482169	HINT1,ARL6IP1,GHITM,VDAC2,RTN3,ATP5F1A,PPIA,MOAP1,NEFL
GO:0006096	Glycolytic process	3	46	1.55	0.6	0.0232	9606.ENSP00000359991,9606.ENSP00000496166,9606.ENSP00000496597	PGAM1,ALDOA,PFKM
GO:0007005	Mitochondrion organization	6	445	0.87	0.44	0.0331	9606.ENSP00000306397,9606.ENSP00000330737,9606.ENSP00000361207,9606.ENSP00000361635,9606.ENSP00000451594,9606.ENSP00000458770	UQCRFS1,NDUFA12,GHITM,VDAC2,MOAP1,NDUFAB1
GO:0030388	Fructose 1,6-bisphosphate metabolic process	2	9	2.08	0.55	0.0378	9606.ENSP00000496166,9606.ENSP00000496597	ALDOA,PFKM
GO:0060052	Neurofilament cytoskeleton organization	2	9	2.08	0.55	0.0378	9606.ENSP00000358865,9606.ENSP00000482169	INA,NEFL
GO:0050808	Synapse organization	5	298	0.96	0.43	0.0435	9606.ENSP00000290401,9606.ENSP00000345229,9606.ENSP00000358865,9606.ENSP00000359729,9606.ENSP00000482169	NPTN,DNER,INA,SLC9A6,NEFL
GO:1901360	Organic cyclic compound metabolic process	15	3181	0.41	0.28	0.0495	9606.ENSP00000217971,9606.ENSP00000256854,9606.ENSP00000262030,9606.ENSP00000273398,9606.ENSP00000304229,9606.ENSP00000330737,9606.ENSP00000331310,9606.ENSP00000349142,9606.ENSP00000357838,9606.ENSP00000359991,9606.ENSP00000381736,9606.ENSP00000401770,9606.ENSP00000458770,9606.ENSP00000496166,9606.ENSP00000496597	PGRMC1,NARS1,ATP5F1B,ATP6V1A,HINT1,NDUFA12,MORF4L1,ATP5F1C,OAT,PGAM1,ATP5F1A,ATP5MPL,NDUFAB1,ALDOA,PFKM
