#term ID	term description	observed gene count	background gene count	strength	signal	false discovery rate	matching proteins in your network (IDs)	matching proteins in your network (labels)
HSA-163200	Respiratory electron transport, ATP synthesis by chemiosmotic coupling, and heat production by uncoupling proteins.	9	127	1.59	2.42	4.92e-09	9606.ENSP00000262030,9606.ENSP00000306397,9606.ENSP00000309565,9606.ENSP00000330737,9606.ENSP00000349142,9606.ENSP00000381736,9606.ENSP00000429707,9606.ENSP00000458770,9606.ENSP00000497474	ATP5F1B,UQCRFS1,UQCRH,NDUFA12,ATP5F1C,ATP5F1A,COX6C,NDUFAB1,COX7B
HSA-611105	Respiratory electron transport	6	103	1.5	1.43	3.20e-05	9606.ENSP00000306397,9606.ENSP00000309565,9606.ENSP00000330737,9606.ENSP00000429707,9606.ENSP00000458770,9606.ENSP00000497474	UQCRFS1,UQCRH,NDUFA12,COX6C,NDUFAB1,COX7B
HSA-163210	Formation of ATP by chemiosmotic coupling	3	18	1.96	0.9	0.0041	9606.ENSP00000262030,9606.ENSP00000349142,9606.ENSP00000381736	ATP5F1B,ATP5F1C,ATP5F1A
HSA-8949613	Cristae formation	3	31	1.72	0.68	0.0147	9606.ENSP00000262030,9606.ENSP00000349142,9606.ENSP00000381736	ATP5F1B,ATP5F1C,ATP5F1A
HSA-1430728	Metabolism	13	2092	0.53	0.37	0.0184	9606.ENSP00000262030,9606.ENSP00000306397,9606.ENSP00000309565,9606.ENSP00000330737,9606.ENSP00000349142,9606.ENSP00000357838,9606.ENSP00000359991,9606.ENSP00000381736,9606.ENSP00000429707,9606.ENSP00000458770,9606.ENSP00000496166,9606.ENSP00000496597,9606.ENSP00000497474	ATP5F1B,UQCRFS1,UQCRH,NDUFA12,ATP5F1C,OAT,PGAM1,ATP5F1A,COX6C,NDUFAB1,ALDOA,PFKM,COX7B
