#node	identifier	x_position	y_position	color	annotation
ALDOA	9606.ENSP00000496166	0.5678461538461539	0.515415986949429	rgb(117,239,149)	Fructose-bisphosphate aldolase A; Plays a key role in glycolysis and gluconeogenesis. In addition, may also function as scaffolding protein (By similarity). Belongs to the class I fructose-bisphosphate aldolase family.
ARL6IP1	9606.ENSP00000306788	0.71	0.2878466557911909	rgb(182,239,117)	ADP-ribosylation factor-like protein 6-interacting protein 1; Positively regulates SLC1A1/EAAC1-mediated glutamate transport by increasing its affinity for glutamate in a PKC activity- dependent manner. Promotes the catalytic efficiency of SLC1A1/EAAC1 probably by reducing its interaction with ARL6IP5, a negative regulator of SLC1A1/EAAC1-mediated glutamate transport (By similarity). Plays a role in the formation and stabilization of endoplasmic reticulum tubules. Negatively regulates apoptosis, possibly by modulating the activity of caspase-9 (CASP9). Inhibits cleavage of CASP9-depend [...] 
ATP5F1A	9606.ENSP00000381736	0.41923076923076924	0.35685154975530176	rgb(0,28,178)	ATP synthase subunit alpha, mitochondrial; Mitochondrial membrane ATP synthase (F(1)F(0) ATP synthase or Complex V) produces ATP from ADP in the presence of a proton gradient across the membrane which is generated by electron transport complexes of the respiratory chain. F-type ATPases consist of two structural domains, F(1) - containing the extramembraneous catalytic core, and F(0) - containing the membrane proton channel, linked together by a central stalk and a peripheral stalk. During catalysis, ATP synthesis in the catalytic domain of F(1) is coupled via a rotary mechanism of the  [...] 
ATP5F1B	9606.ENSP00000262030	0.4958461538461538	0.32601957585644376	rgb(239,117,117)	ATP synthase subunit beta, mitochondrial; Mitochondrial membrane ATP synthase (F(1)F(0) ATP synthase or Complex V) produces ATP from ADP in the presence of a proton gradient across the membrane which is generated by electron transport complexes of the respiratory chain. F-type ATPases consist of two structural domains, F(1) - containing the extramembraneous catalytic core, and F(0) - containing the membrane proton channel, linked together by a central stalk and a peripheral stalk. During catalysis, ATP synthesis in the catalytic domain of F(1) is coupled via a rotary mechanism of the c [...] 
ATP5F1C	9606.ENSP00000349142	0.35646153846153844	0.4214518760195759	rgb(101,199,255)	ATP synthase subunit gamma, mitochondrial; Mitochondrial membrane ATP synthase (F(1)F(0) ATP synthase or Complex V) produces ATP from ADP in the presence of a proton gradient across the membrane which is generated by electron transport complexes of the respiratory chain. F-type ATPases consist of two structural domains, F(1) - containing the extramembraneous catalytic core, and F(0) - containing the membrane proton channel, linked together by a central stalk and a peripheral stalk. During catalysis, ATP synthesis in the catalytic domain of F(1) is coupled via a rotary mechanism of the  [...] 
ATP5MPL	9606.ENSP00000401770	0.482	0.1234094616639478	rgb(239,231,117)	ATP synthase subunit ATP5MPL, mitochondrial; Mitochondrial membrane ATP synthase (F(1)F(0) ATP synthase or Complex V) produces ATP from ADP in the presence of a proton gradient across the membrane which is generated by electron transport complexes of the respiratory chain. F-type ATPases consist of two structural domains, F(1) - containing the extramembraneous catalytic core and F(0) - containing the membrane proton channel, linked together by a central stalk and a peripheral stalk. During catalysis, ATP synthesis in the catalytic domain of F(1) is coupled via a rotary mechanism of the [...] 
ATP6V1A	9606.ENSP00000273398	0.2835384615384615	0.23205546492659052	rgb(178,171,0)	V-type proton ATPase catalytic subunit A; Catalytic subunit of the peripheral V1 complex of vacuolar ATPase. V-ATPase vacuolar ATPase is responsible for acidifying a variety of intracellular compartments in eukaryotic cells. In aerobic conditions, involved in intracellular iron homeostasis, thus triggering the activity of Fe(2+) prolyl hydroxylase (PHD) enzymes, and leading to HIF1A hydroxylation and subsequent proteasomal degradation. May play a role in neurite development and synaptic connectivity ; Belongs to the ATPase alpha/beta chains family.
ATP6V1E1	9606.ENSP00000253413	0.3536923076923077	0.14543230016313213	rgb(117,239,166)	V-type proton ATPase subunit E 1; Subunit of the peripheral V1 complex of vacuolar ATPase essential for assembly or catalytic function. V-ATPase is responsible for acidifying a variety of intracellular compartments in eukaryotic cells.
COX6C	9606.ENSP00000429707	0.47830769230769227	0.7224306688417619	rgb(231,239,117)	Cytochrome c oxidase subunit 6C; Component of the cytochrome c oxidase, the last enzyme in the mitochondrial electron transport chain which drives oxidative phosphorylation. The respiratory chain contains 3 multisubunit complexes succinate dehydrogenase (complex II, CII), ubiquinol- cytochrome c oxidoreductase (cytochrome b-c1 complex, complex III, CIII) and cytochrome c oxidase (complex IV, CIV), that cooperate to transfer electrons derived from NADH and succinate to molecular oxygen, creating an electrochemical gradient over the inner membrane that drives transmembrane transport and  [...] 
COX7B	9606.ENSP00000497474	0.4506153846153846	0.8736541598694944	rgb(255,175,101)	Cytochrome c oxidase subunit 7B, mitochondrial; Component of the cytochrome c oxidase, the last enzyme in the mitochondrial electron transport chain which drives oxidative phosphorylation. The respiratory chain contains 3 multisubunit complexes succinate dehydrogenase (complex II, CII), ubiquinol- cytochrome c oxidoreductase (cytochrome b-c1 complex, complex III, CIII) and cytochrome c oxidase (complex IV, CIV), that cooperate to transfer electrons derived from NADH and succinate to molecular oxygen, creating an electrochemical gradient over the inner membrane that drives transmembrane [...] 
DNAJC6	9606.ENSP00000360108	0.6066153846153847	0.8839314845024471	rgb(117,231,239)	Putative tyrosine-protein phosphatase auxilin; Recruits HSPA8/HSC70 to clathrin-coated vesicles and promotes uncoating of clathrin-coated vesicles. Plays a role in clathrin- mediated endocytosis in neurons (By similarity).
DNER	9606.ENSP00000345229	0.71	0.5961663947797716	rgb(117,239,182)	Delta and Notch-like epidermal growth factor-related receptor; Activator of the NOTCH1 pathway. May mediate neuron-glia interaction during astrocytogenesis (By similarity).
GHITM	9606.ENSP00000361207	0.27061538461538465	0.3700652528548124	rgb(0,178,157)	Growth hormone-inducible transmembrane protein; Required for the mitochondrial tubular network and cristae organization. Involved in apoptotic release of cytochrome c.
HINT1	9606.ENSP00000304229	0.2835384615384615	0.719494290375204	rgb(166,239,117)	Histidine triad nucleotide-binding protein 1; Hydrolyzes purine nucleotide phosphoramidates with a single phosphate group, including adenosine 5'monophosphoramidate (AMP-NH2), adenosine 5'monophosphomorpholidate (AMP-morpholidate) and guanosine 5'monophosphomorpholidate (GMP-morpholidate). Hydrolyzes lysyl-AMP (AMP-N-epsilon-(N-alpha-acetyl lysine methyl ester)) generated by lysine tRNA ligase, as well as Met-AMP, His-AMP and Asp-AMP, lysyl-GMP (GMP-N-epsilon-(N-alpha-acetyl lysine methyl ester)) and AMP-N-alanine methyl ester. Can also convert adenosine 5'-O-phosphorothioate and guano [...] 
INA	9606.ENSP00000358865	0.5678461538461539	0.8031810766721044	rgb(14,178,0)	Alpha-internexin; Class-IV neuronal intermediate filament that is able to self- assemble. It is involved in the morphogenesis of neurons. It may form an independent structural network without the involvement of other neurofilaments or it may cooperate with NF-L to form the filamentous backbone to which NF-M and NF-H attach to form the cross-bridges.
MOAP1	9606.ENSP00000451594	0.722923076923077	0.6578303425774878	rgb(239,149,117)	Modulator of apoptosis 1; Required for death receptor-dependent apoptosis. When associated with RASSF1, promotes BAX conformational change and translocation to mitochondrial membranes in response to TNF and TNFSF10 stimulation; Belongs to the PNMA family.
MORF4L1	9606.ENSP00000331310	0.71	0.4317292006525285	rgb(117,239,231)	Mortality factor 4-like protein 1; Component of the NuA4 histone acetyltransferase (HAT) complex which is involved in transcriptional activation of select genes principally by acetylation of nucleosomal histones H4 and H2A. This modification may both alter nucleosome - DNA interactions and promote interaction of the modified histones with other proteins which positively regulate transcription. This complex may be required for the activation of transcriptional programs associated with oncogene and proto-oncogene mediated growth induction, tumor suppressor mediated growth arrest and repl [...] 
NARS1	9606.ENSP00000256854	0.554923076923077	0.22618270799347473	rgb(117,239,117)	Asparagine--tRNA ligase, cytoplasmic; Catalyzes the attachment of asparagine to tRNA(Asn) in a two- step reaction: asparagine is first activated by ATP to form Asn-AMP and then transferred to the acceptor end of tRNA(Asn). In addition to its essential role in protein synthesis, acts as a signaling molecule that induced migration of CCR3-expressing cells.
NDRG4	9606.ENSP00000377823	0.6970769230769231	0.16451876019575856	rgb(255,0,0)	Protein NDRG4; Contributes to the maintenance of intracerebral BDNF levels within the normal range, which is necessary for the preservation of spatial learning and the resistance to neuronal cell death caused by ischemic stress (By similarity). May enhance growth factor-induced ERK1 and ERK2 phosphorylation, including that induced by PDGF and FGF. May attenuate NGF-promoted ELK1 phosphorylation in a microtubule-dependent manner.
NDUFA12	9606.ENSP00000330737	0.4967692307692308	0.5888254486133769	rgb(117,215,239)	NADH dehydrogenase [ubiquinone] 1 alpha subcomplex subunit 12; Accessory subunit of the mitochondrial membrane respiratory chain NADH dehydrogenase (Complex I), that is believed not to be involved in catalysis. Complex I functions in the transfer of electrons from NADH to the respiratory chain. The immediate electron acceptor for the enzyme is believed to be ubiquinone.
NDUFAB1	9606.ENSP00000458770	0.3213846153846154	0.6460848287112562	rgb(239,182,117)	Acyl carrier protein, mitochondrial; Carrier of the growing fatty acid chain in fatty acid biosynthesis (By similarity). Accessory and non-catalytic subunit of the mitochondrial membrane respiratory chain NADH dehydrogenase (Complex I), which functions in the transfer of electrons from NADH to the respiratory chain.
NEFL	9606.ENSP00000482169	0.6223076923076923	0.6578303425774878	rgb(239,215,117)	Neurofilament light polypeptide; Neurofilaments usually contain three intermediate filament proteins: L, M, and H which are involved in the maintenance of neuronal caliber.
NEFM	9606.ENSP00000221166	0.674923076923077	0.8031810766721044	rgb(117,239,133)	Neurofilament medium polypeptide; Neurofilaments usually contain three intermediate filament proteins: L, M, and H which are involved in the maintenance of neuronal caliber.
NPTN	9606.ENSP00000290401	0.2964615384615385	0.5345024469820555	rgb(239,133,117)	Neuroplastin; Probable homophilic and heterophilic cell adhesion molecule involved in long term potentiation at hippocampal excitatory synapses through activation of p38MAPK. May also regulate neurite outgrowth by activating the FGFR1 signaling pathway. May play a role in synaptic plasticity (By similarity).
OAT	9606.ENSP00000357838	0.71	0.719494290375204	rgb(215,239,117)	Ornithine aminotransferase, mitochondrial; Ornithine aminotransferase.
PFKM	9606.ENSP00000496597	0.6223076923076923	0.3700652528548124	rgb(187,255,101)	ATP-dependent 6-phosphofructokinase, muscle type; Catalyzes the phosphorylation of D-fructose 6-phosphate to fructose 1,6-bisphosphate by ATP, the first committing step of glycolysis; Belongs to the phosphofructokinase type A (PFKA) family. ATP-dependent PFK group I subfamily. Eukaryotic two domain clade 'E' sub-subfamily.
PGAM1	9606.ENSP00000359991	0.674923076923077	0.515415986949429	rgb(239,198,117)	Phosphoglycerate mutase 1; Interconversion of 3- and 2-phosphoglycerate with 2,3- bisphosphoglycerate as the primer of the reaction. Can also catalyze the reaction of EC 5.4.2.4 (synthase), but with a reduced activity.
PGRMC1	9606.ENSP00000217971	0.6066153846153847	0.5961663947797716	rgb(149,239,117)	Membrane-associated progesterone receptor component 1; Component of a progesterone-binding protein complex. Binds progesterone. Has many reported cellular functions (heme homeostasis, interaction with CYPs). Belongs to the cytochrome b5 family. MAPR subfamily.
PPIA	9606.ENSP00000419425	0.722923076923077	0.349510603588907	rgb(117,198,239)	Peptidyl-prolyl cis-trans isomerase A, N-terminally processed; PPIases accelerate the folding of proteins. It catalyzes the cis-trans isomerization of proline imidic peptide bonds in oligopeptides.
RTN1	9606.ENSP00000267484	0.6583076923076924	0.22618270799347473	rgb(198,239,117)	Reticulon-1; May be involved in neuroendocrine secretion or in membrane trafficking in neuroendocrine cells.
RTN3	9606.ENSP00000367050	0.5936923076923077	0.16451876019575856	rgb(117,239,198)	Reticulon-3; May be involved in membrane trafficking in the early secretory pathway. Inhibits BACE1 activity and amyloid precursor protein processing. May induce caspase-8 cascade and apoptosis. May favor BCL2 translocation to the mitochondria upon endoplasmic reticulum stress. In case of enteroviruses infection, RTN3 may be involved in the viral replication or pathogenesis. Induces the formation of endoplasmic reticulum tubules.
SCG5	9606.ENSP00000300175	0.2835384615384615	0.7811582381729202	rgb(150,101,255)	Neuroendocrine protein 7B2; Acts as a molecular chaperone for PCSK2/PC2, preventing its premature activation in the regulated secretory pathway. Binds to inactive PCSK2 in the endoplasmic reticulum and facilitates its transport from there to later compartments of the secretory pathway where it is proteolytically matured and activated. Also required for cleavage of PCSK2 but does not appear to be involved in its folding. Plays a role in regulating pituitary hormone secretion. The C-terminal peptide inhibits PCSK2 in vitro.
SLC9A6	9606.ENSP00000359729	0.71	0.8839314845024471	rgb(101,255,163)	Sodium/hydrogen exchanger 6; Electroneutral exchange of protons for Na(+) and K(+) across the early and recycling endosome membranes. Contributes to calcium homeostasis.
UQCRFS1	9606.ENSP00000306397	0.40723076923076923	0.5976345840130506	rgb(133,239,117)	Cytochrome b-c1 complex subunit Rieske, mitochondrial; [Cytochrome b-c1 complex subunit Rieske, mitochondrial]: Component of the ubiquinol-cytochrome c oxidoreductase, a multisubunit transmembrane complex that is part of the mitochondrial electron transport chain which drives oxidative phosphorylation. The respiratory chain contains 3 multisubunit complexes succinate dehydrogenase (complex II, CII), ubiquinol-cytochrome c oxidoreductase (cytochrome b- c1 complex, complex III, CIII) and cytochrome c oxidase (complex IV, CIV), that cooperate to transfer electrons derived from NADH and su [...] 
UQCRH	9606.ENSP00000309565	0.362	0.8501631321370311	rgb(239,166,117)	Cytochrome b-c1 complex subunit 6, mitochondrial; Component of the ubiquinol-cytochrome c oxidoreductase, a multisubunit transmembrane complex that is part of the mitochondrial electron transport chain which drives oxidative phosphorylation. The respiratory chain contains 3 multisubunit complexes succinate dehydrogenase (complex II, CII), ubiquinol-cytochrome c oxidoreductase (cytochrome b-c1 complex, complex III, CIII) and cytochrome c oxidase (complex IV, CIV), that cooperate to transfer electrons derived from NADH and succinate to molecular oxygen, creating an electrochemical gradie [...] 
VDAC2	9606.ENSP00000361635	0.5992307692307693	0.29078303425774876	rgb(117,239,215)	Voltage-dependent anion-selective channel protein 2; Forms a channel through the mitochondrial outer membrane that allows diffusion of small hydrophilic molecules. The channel adopts an open conformation at low or zero membrane potential and a closed conformation at potentials above 30-40 mV. The open state has a weak anion selectivity whereas the closed state is cation-selective; Belongs to the eukaryotic mitochondrial porin family.
