#term ID	term description	observed gene count	background gene count	strength	signal	false discovery rate	matching proteins in your network (IDs)	matching proteins in your network (labels)
GO:0002181	Cytoplasmic translation	43	123	1.54	7.54	4.60e-45	9606.ENSP00000225430,9606.ENSP00000230050,9606.ENSP00000259469,9606.ENSP00000270625,9606.ENSP00000274242,9606.ENSP00000294189,9606.ENSP00000296674,9606.ENSP00000307889,9606.ENSP00000311430,9606.ENSP00000339795,9606.ENSP00000341885,9606.ENSP00000346015,9606.ENSP00000346027,9606.ENSP00000346050,9606.ENSP00000354739,9606.ENSP00000355315,9606.ENSP00000361076,9606.ENSP00000367806,9606.ENSP00000369757,9606.ENSP00000375730,9606.ENSP00000377640,9606.ENSP00000378163,9606.ENSP00000379339,9606.ENSP00000388107,9606.ENSP00000389103,9606.ENSP00000393241,9606.ENSP00000403172,9606.ENSP00000404375,9606.ENSP00000414321,9606.ENSP00000416429,9606.ENSP00000418082,9606.ENSP00000428085,9606.ENSP00000429374,9606.ENSP00000447001,9606.ENSP00000449026,9606.ENSP00000449328,9606.ENSP00000466010,9606.ENSP00000470972,9606.ENSP00000472985,9606.ENSP00000481646,9606.ENSP00000496250,9606.ENSP00000498019,9606.ENSP00000499044	RPL19,RPS12,RPL35,RPS11,RPL37,RPL29,RPS23,RPL13,RPL4,RPL7,RPS2,RPL27A,RPL21,RPS3A,RPL12,RPL39,RPL7A,RPS16,RPS6,RPL13A,RPL24,RPL34,RPS29,UBA52,RPL23A,RPS18,RPL6,RPL36A,RPS24,RPL32,RPL37A,RPL30,RPS20,RPL18,RPL41,RPLP0,RPS15,RPS19,RPS5,RPS10,RPL11,RPS17,RPS27
GO:0006412	Translation	47	389	1.08	3.73	3.07e-31	9606.ENSP00000217182,9606.ENSP00000225430,9606.ENSP00000230050,9606.ENSP00000256854,9606.ENSP00000259469,9606.ENSP00000270625,9606.ENSP00000274242,9606.ENSP00000294189,9606.ENSP00000296674,9606.ENSP00000307889,9606.ENSP00000311430,9606.ENSP00000331901,9606.ENSP00000339063,9606.ENSP00000339795,9606.ENSP00000341885,9606.ENSP00000346015,9606.ENSP00000346027,9606.ENSP00000346050,9606.ENSP00000354739,9606.ENSP00000355315,9606.ENSP00000361076,9606.ENSP00000367806,9606.ENSP00000369757,9606.ENSP00000375730,9606.ENSP00000377640,9606.ENSP00000378163,9606.ENSP00000379339,9606.ENSP00000388107,9606.ENSP00000389103,9606.ENSP00000393241,9606.ENSP00000403172,9606.ENSP00000404375,9606.ENSP00000414321,9606.ENSP00000416429,9606.ENSP00000418082,9606.ENSP00000428085,9606.ENSP00000429374,9606.ENSP00000447001,9606.ENSP00000449026,9606.ENSP00000449328,9606.ENSP00000466010,9606.ENSP00000470972,9606.ENSP00000472985,9606.ENSP00000481646,9606.ENSP00000496250,9606.ENSP00000498019,9606.ENSP00000499044	EEF1A2,RPL19,RPS12,NARS1,RPL35,RPS11,RPL37,RPL29,RPS23,RPL13,RPL4,EEF1G,EEF1A1,RPL7,RPS2,RPL27A,RPL21,RPS3A,RPL12,RPL39,RPL7A,RPS16,RPS6,RPL13A,RPL24,RPL34,RPS29,UBA52,RPL23A,RPS18,RPL6,RPL36A,RPS24,RPL32,RPL37A,RPL30,RPS20,RPL18,RPL41,RPLP0,RPS15,RPS19,RPS5,RPS10,RPL11,RPS17,RPS27
GO:0006518	Peptide metabolic process	49	547	0.95	2.96	1.74e-27	9606.ENSP00000217182,9606.ENSP00000225430,9606.ENSP00000230050,9606.ENSP00000256854,9606.ENSP00000259469,9606.ENSP00000270625,9606.ENSP00000274242,9606.ENSP00000294189,9606.ENSP00000296674,9606.ENSP00000300175,9606.ENSP00000307889,9606.ENSP00000311430,9606.ENSP00000331901,9606.ENSP00000339063,9606.ENSP00000339795,9606.ENSP00000341885,9606.ENSP00000346015,9606.ENSP00000346027,9606.ENSP00000346050,9606.ENSP00000346103,9606.ENSP00000354739,9606.ENSP00000355315,9606.ENSP00000361076,9606.ENSP00000367806,9606.ENSP00000369757,9606.ENSP00000375730,9606.ENSP00000377640,9606.ENSP00000378163,9606.ENSP00000379339,9606.ENSP00000388107,9606.ENSP00000389103,9606.ENSP00000393241,9606.ENSP00000403172,9606.ENSP00000404375,9606.ENSP00000414321,9606.ENSP00000416429,9606.ENSP00000418082,9606.ENSP00000428085,9606.ENSP00000429374,9606.ENSP00000447001,9606.ENSP00000449026,9606.ENSP00000449328,9606.ENSP00000466010,9606.ENSP00000470972,9606.ENSP00000472985,9606.ENSP00000481646,9606.ENSP00000496250,9606.ENSP00000498019,9606.ENSP00000499044	EEF1A2,RPL19,RPS12,NARS1,RPL35,RPS11,RPL37,RPL29,RPS23,SCG5,RPL13,RPL4,EEF1G,EEF1A1,RPL7,RPS2,RPL27A,RPL21,RPS3A,GPX4,RPL12,RPL39,RPL7A,RPS16,RPS6,RPL13A,RPL24,RPL34,RPS29,UBA52,RPL23A,RPS18,RPL6,RPL36A,RPS24,RPL32,RPL37A,RPL30,RPS20,RPL18,RPL41,RPLP0,RPS15,RPS19,RPS5,RPS10,RPL11,RPS17,RPS27
GO:1901566	Organonitrogen compound biosynthetic process	64	1338	0.68	1.84	9.60e-23	9606.ENSP00000217182,9606.ENSP00000217971,9606.ENSP00000225430,9606.ENSP00000230050,9606.ENSP00000256854,9606.ENSP00000259469,9606.ENSP00000262030,9606.ENSP00000270349,9606.ENSP00000270625,9606.ENSP00000273398,9606.ENSP00000274242,9606.ENSP00000276689,9606.ENSP00000294189,9606.ENSP00000296674,9606.ENSP00000297785,9606.ENSP00000307889,9606.ENSP00000311430,9606.ENSP00000330737,9606.ENSP00000331901,9606.ENSP00000339063,9606.ENSP00000339795,9606.ENSP00000341885,9606.ENSP00000346015,9606.ENSP00000346027,9606.ENSP00000346050,9606.ENSP00000349142,9606.ENSP00000354739,9606.ENSP00000355315,9606.ENSP00000357838,9606.ENSP00000358840,9606.ENSP00000361076,9606.ENSP00000362058,9606.ENSP00000367806,9606.ENSP00000369757,9606.ENSP00000370571,9606.ENSP00000375730,9606.ENSP00000377640,9606.ENSP00000378163,9606.ENSP00000379339,9606.ENSP00000381736,9606.ENSP00000388107,9606.ENSP00000389103,9606.ENSP00000393241,9606.ENSP00000401770,9606.ENSP00000403172,9606.ENSP00000404375,9606.ENSP00000414321,9606.ENSP00000416429,9606.ENSP00000418082,9606.ENSP00000428085,9606.ENSP00000429374,9606.ENSP00000447001,9606.ENSP00000449026,9606.ENSP00000449328,9606.ENSP00000458770,9606.ENSP00000466010,9606.ENSP00000470972,9606.ENSP00000472985,9606.ENSP00000481646,9606.ENSP00000496166,9606.ENSP00000496250,9606.ENSP00000498019,9606.ENSP00000499044,9606.ENSP00000500990	EEF1A2,PGRMC1,RPL19,RPS12,NARS1,RPL35,ATP5F1B,SLC6A3,RPS11,ATP6V1A,RPL37,NDUFB9,RPL29,RPS23,ALDH1A1,RPL13,RPL4,NDUFA12,EEF1G,EEF1A1,RPL7,RPS2,RPL27A,RPL21,RPS3A,ATP5F1C,RPL12,RPL39,OAT,ATP5MD,RPL7A,NDUFS5,RPS16,RPS6,TH,RPL13A,RPL24,RPL34,RPS29,ATP5F1A,UBA52,RPL23A,RPS18,ATP5MPL,RPL6,RPL36A,RPS24,RPL32,RPL37A,RPL30,RPS20,RPL18,RPL41,RPLP0,NDUFAB1,RPS15,RPS19,RPS5,RPS10,ALDOA,RPL11,RPS17,RPS27,SNCA
GO:0034645	Cellular macromolecule biosynthetic process	48	778	0.79	2.1	1.88e-20	9606.ENSP00000217182,9606.ENSP00000225430,9606.ENSP00000230050,9606.ENSP00000256854,9606.ENSP00000259469,9606.ENSP00000270625,9606.ENSP00000274242,9606.ENSP00000294189,9606.ENSP00000296674,9606.ENSP00000307889,9606.ENSP00000311430,9606.ENSP00000331901,9606.ENSP00000339063,9606.ENSP00000339795,9606.ENSP00000341885,9606.ENSP00000346015,9606.ENSP00000346027,9606.ENSP00000346050,9606.ENSP00000354739,9606.ENSP00000355315,9606.ENSP00000361076,9606.ENSP00000367806,9606.ENSP00000369757,9606.ENSP00000375730,9606.ENSP00000377640,9606.ENSP00000378163,9606.ENSP00000379339,9606.ENSP00000388107,9606.ENSP00000389103,9606.ENSP00000393241,9606.ENSP00000403172,9606.ENSP00000404375,9606.ENSP00000410833,9606.ENSP00000414321,9606.ENSP00000416429,9606.ENSP00000418082,9606.ENSP00000428085,9606.ENSP00000429374,9606.ENSP00000447001,9606.ENSP00000449026,9606.ENSP00000449328,9606.ENSP00000466010,9606.ENSP00000470972,9606.ENSP00000472985,9606.ENSP00000481646,9606.ENSP00000496250,9606.ENSP00000498019,9606.ENSP00000499044	EEF1A2,RPL19,RPS12,NARS1,RPL35,RPS11,RPL37,RPL29,RPS23,RPL13,RPL4,EEF1G,EEF1A1,RPL7,RPS2,RPL27A,RPL21,RPS3A,RPL12,RPL39,RPL7A,RPS16,RPS6,RPL13A,RPL24,RPL34,RPS29,UBA52,RPL23A,RPS18,RPL6,RPL36A,GBE1,RPS24,RPL32,RPL37A,RPL30,RPS20,RPL18,RPL41,RPLP0,RPS15,RPS19,RPS5,RPS10,RPL11,RPS17,RPS27
GO:0044271	Cellular nitrogen compound biosynthetic process	63	1494	0.62	1.61	1.17e-19	9606.ENSP00000217182,9606.ENSP00000217971,9606.ENSP00000225430,9606.ENSP00000230050,9606.ENSP00000256854,9606.ENSP00000259469,9606.ENSP00000262030,9606.ENSP00000270349,9606.ENSP00000270625,9606.ENSP00000273398,9606.ENSP00000274242,9606.ENSP00000276689,9606.ENSP00000294189,9606.ENSP00000296674,9606.ENSP00000300086,9606.ENSP00000307889,9606.ENSP00000311430,9606.ENSP00000330737,9606.ENSP00000331901,9606.ENSP00000339063,9606.ENSP00000339795,9606.ENSP00000341885,9606.ENSP00000346015,9606.ENSP00000346027,9606.ENSP00000346050,9606.ENSP00000349142,9606.ENSP00000354739,9606.ENSP00000355315,9606.ENSP00000358840,9606.ENSP00000361076,9606.ENSP00000362058,9606.ENSP00000367806,9606.ENSP00000369757,9606.ENSP00000370571,9606.ENSP00000375730,9606.ENSP00000377640,9606.ENSP00000378163,9606.ENSP00000379339,9606.ENSP00000381736,9606.ENSP00000388107,9606.ENSP00000389103,9606.ENSP00000393241,9606.ENSP00000401770,9606.ENSP00000403172,9606.ENSP00000404375,9606.ENSP00000414321,9606.ENSP00000416429,9606.ENSP00000418082,9606.ENSP00000428085,9606.ENSP00000429374,9606.ENSP00000447001,9606.ENSP00000449026,9606.ENSP00000449328,9606.ENSP00000458770,9606.ENSP00000466010,9606.ENSP00000470972,9606.ENSP00000472985,9606.ENSP00000481646,9606.ENSP00000496166,9606.ENSP00000496250,9606.ENSP00000498019,9606.ENSP00000499044,9606.ENSP00000500990	EEF1A2,PGRMC1,RPL19,RPS12,NARS1,RPL35,ATP5F1B,SLC6A3,RPS11,ATP6V1A,RPL37,NDUFB9,RPL29,RPS23,TERF2IP,RPL13,RPL4,NDUFA12,EEF1G,EEF1A1,RPL7,RPS2,RPL27A,RPL21,RPS3A,ATP5F1C,RPL12,RPL39,ATP5MD,RPL7A,NDUFS5,RPS16,RPS6,TH,RPL13A,RPL24,RPL34,RPS29,ATP5F1A,UBA52,RPL23A,RPS18,ATP5MPL,RPL6,RPL36A,RPS24,RPL32,RPL37A,RPL30,RPS20,RPL18,RPL41,RPLP0,NDUFAB1,RPS15,RPS19,RPS5,RPS10,ALDOA,RPL11,RPS17,RPS27,SNCA
GO:0044249	Cellular biosynthetic process	69	2362	0.46	1.11	1.54e-13	9606.ENSP00000217182,9606.ENSP00000217971,9606.ENSP00000225430,9606.ENSP00000229270,9606.ENSP00000230050,9606.ENSP00000256854,9606.ENSP00000259469,9606.ENSP00000262030,9606.ENSP00000270349,9606.ENSP00000270625,9606.ENSP00000273398,9606.ENSP00000274242,9606.ENSP00000276689,9606.ENSP00000294189,9606.ENSP00000296674,9606.ENSP00000297785,9606.ENSP00000300086,9606.ENSP00000307889,9606.ENSP00000311430,9606.ENSP00000330737,9606.ENSP00000331901,9606.ENSP00000339063,9606.ENSP00000339795,9606.ENSP00000341885,9606.ENSP00000342962,9606.ENSP00000346015,9606.ENSP00000346027,9606.ENSP00000346050,9606.ENSP00000346103,9606.ENSP00000349142,9606.ENSP00000354739,9606.ENSP00000355315,9606.ENSP00000357838,9606.ENSP00000358840,9606.ENSP00000361076,9606.ENSP00000362058,9606.ENSP00000367806,9606.ENSP00000369757,9606.ENSP00000370571,9606.ENSP00000375730,9606.ENSP00000377640,9606.ENSP00000378163,9606.ENSP00000379339,9606.ENSP00000381736,9606.ENSP00000388107,9606.ENSP00000389103,9606.ENSP00000393241,9606.ENSP00000401770,9606.ENSP00000403172,9606.ENSP00000404375,9606.ENSP00000410833,9606.ENSP00000414321,9606.ENSP00000416429,9606.ENSP00000418082,9606.ENSP00000428085,9606.ENSP00000429374,9606.ENSP00000447001,9606.ENSP00000449026,9606.ENSP00000449328,9606.ENSP00000458770,9606.ENSP00000466010,9606.ENSP00000470972,9606.ENSP00000472985,9606.ENSP00000481646,9606.ENSP00000496166,9606.ENSP00000496250,9606.ENSP00000498019,9606.ENSP00000499044,9606.ENSP00000500990	EEF1A2,PGRMC1,RPL19,TPI1,RPS12,NARS1,RPL35,ATP5F1B,SLC6A3,RPS11,ATP6V1A,RPL37,NDUFB9,RPL29,RPS23,ALDH1A1,TERF2IP,RPL13,RPL4,NDUFA12,EEF1G,EEF1A1,RPL7,RPS2,SERINC1,RPL27A,RPL21,RPS3A,GPX4,ATP5F1C,RPL12,RPL39,OAT,ATP5MD,RPL7A,NDUFS5,RPS16,RPS6,TH,RPL13A,RPL24,RPL34,RPS29,ATP5F1A,UBA52,RPL23A,RPS18,ATP5MPL,RPL6,RPL36A,GBE1,RPS24,RPL32,RPL37A,RPL30,RPS20,RPL18,RPL41,RPLP0,NDUFAB1,RPS15,RPS19,RPS5,RPS10,ALDOA,RPL11,RPS17,RPS27,SNCA
GO:1901576	Organic substance biosynthetic process	70	2438	0.46	1.09	1.83e-13	9606.ENSP00000217182,9606.ENSP00000217971,9606.ENSP00000225430,9606.ENSP00000229270,9606.ENSP00000230050,9606.ENSP00000256854,9606.ENSP00000259469,9606.ENSP00000262030,9606.ENSP00000270349,9606.ENSP00000270625,9606.ENSP00000273398,9606.ENSP00000274242,9606.ENSP00000276689,9606.ENSP00000294189,9606.ENSP00000296674,9606.ENSP00000297785,9606.ENSP00000300086,9606.ENSP00000307889,9606.ENSP00000311430,9606.ENSP00000330737,9606.ENSP00000331901,9606.ENSP00000339063,9606.ENSP00000339795,9606.ENSP00000341885,9606.ENSP00000342962,9606.ENSP00000346015,9606.ENSP00000346027,9606.ENSP00000346050,9606.ENSP00000346103,9606.ENSP00000349142,9606.ENSP00000354739,9606.ENSP00000355315,9606.ENSP00000357838,9606.ENSP00000358840,9606.ENSP00000361076,9606.ENSP00000362058,9606.ENSP00000367806,9606.ENSP00000369757,9606.ENSP00000370571,9606.ENSP00000375730,9606.ENSP00000377640,9606.ENSP00000378163,9606.ENSP00000379339,9606.ENSP00000381736,9606.ENSP00000388107,9606.ENSP00000389103,9606.ENSP00000393241,9606.ENSP00000401770,9606.ENSP00000403172,9606.ENSP00000404375,9606.ENSP00000410833,9606.ENSP00000414321,9606.ENSP00000416429,9606.ENSP00000418082,9606.ENSP00000428085,9606.ENSP00000429374,9606.ENSP00000437402,9606.ENSP00000447001,9606.ENSP00000449026,9606.ENSP00000449328,9606.ENSP00000458770,9606.ENSP00000466010,9606.ENSP00000470972,9606.ENSP00000472985,9606.ENSP00000481646,9606.ENSP00000496166,9606.ENSP00000496250,9606.ENSP00000498019,9606.ENSP00000499044,9606.ENSP00000500990	EEF1A2,PGRMC1,RPL19,TPI1,RPS12,NARS1,RPL35,ATP5F1B,SLC6A3,RPS11,ATP6V1A,RPL37,NDUFB9,RPL29,RPS23,ALDH1A1,TERF2IP,RPL13,RPL4,NDUFA12,EEF1G,EEF1A1,RPL7,RPS2,SERINC1,RPL27A,RPL21,RPS3A,GPX4,ATP5F1C,RPL12,RPL39,OAT,ATP5MD,RPL7A,NDUFS5,RPS16,RPS6,TH,RPL13A,RPL24,RPL34,RPS29,ATP5F1A,UBA52,RPL23A,RPS18,ATP5MPL,RPL6,RPL36A,GBE1,RPS24,RPL32,RPL37A,RPL30,RPS20,ENO2,RPL18,RPL41,RPLP0,NDUFAB1,RPS15,RPS19,RPS5,RPS10,ALDOA,RPL11,RPS17,RPS27,SNCA
GO:0009059	Macromolecule biosynthetic process	49	1394	0.54	1.17	1.68e-11	9606.ENSP00000217182,9606.ENSP00000225430,9606.ENSP00000230050,9606.ENSP00000256854,9606.ENSP00000259469,9606.ENSP00000270625,9606.ENSP00000274242,9606.ENSP00000294189,9606.ENSP00000296674,9606.ENSP00000300086,9606.ENSP00000307889,9606.ENSP00000311430,9606.ENSP00000331901,9606.ENSP00000339063,9606.ENSP00000339795,9606.ENSP00000341885,9606.ENSP00000346015,9606.ENSP00000346027,9606.ENSP00000346050,9606.ENSP00000354739,9606.ENSP00000355315,9606.ENSP00000361076,9606.ENSP00000367806,9606.ENSP00000369757,9606.ENSP00000375730,9606.ENSP00000377640,9606.ENSP00000378163,9606.ENSP00000379339,9606.ENSP00000388107,9606.ENSP00000389103,9606.ENSP00000393241,9606.ENSP00000403172,9606.ENSP00000404375,9606.ENSP00000410833,9606.ENSP00000414321,9606.ENSP00000416429,9606.ENSP00000418082,9606.ENSP00000428085,9606.ENSP00000429374,9606.ENSP00000447001,9606.ENSP00000449026,9606.ENSP00000449328,9606.ENSP00000466010,9606.ENSP00000470972,9606.ENSP00000472985,9606.ENSP00000481646,9606.ENSP00000496250,9606.ENSP00000498019,9606.ENSP00000499044	EEF1A2,RPL19,RPS12,NARS1,RPL35,RPS11,RPL37,RPL29,RPS23,TERF2IP,RPL13,RPL4,EEF1G,EEF1A1,RPL7,RPS2,RPL27A,RPL21,RPS3A,RPL12,RPL39,RPL7A,RPS16,RPS6,RPL13A,RPL24,RPL34,RPS29,UBA52,RPL23A,RPS18,RPL6,RPL36A,GBE1,RPS24,RPL32,RPL37A,RPL30,RPS20,RPL18,RPL41,RPLP0,RPS15,RPS19,RPS5,RPS10,RPL11,RPS17,RPS27
GO:0006119	Oxidative phosphorylation	16	122	1.12	1.9	6.28e-10	9606.ENSP00000258424,9606.ENSP00000262030,9606.ENSP00000276689,9606.ENSP00000306397,9606.ENSP00000309565,9606.ENSP00000330737,9606.ENSP00000349142,9606.ENSP00000359098,9606.ENSP00000362058,9606.ENSP00000367939,9606.ENSP00000381736,9606.ENSP00000425759,9606.ENSP00000429707,9606.ENSP00000458770,9606.ENSP00000497474,9606.ENSP00000500990	COX5B,ATP5F1B,NDUFB9,UQCRFS1,UQCRH,NDUFA12,ATP5F1C,COX7A2,NDUFS5,UQCRQ,ATP5F1A,COX7C,COX6C,NDUFAB1,COX7B,SNCA
GO:1902600	Proton transmembrane transport	17	145	1.07	1.84	6.28e-10	9606.ENSP00000253413,9606.ENSP00000258424,9606.ENSP00000262030,9606.ENSP00000263160,9606.ENSP00000273398,9606.ENSP00000276390,9606.ENSP00000290949,9606.ENSP00000302194,9606.ENSP00000306397,9606.ENSP00000309565,9606.ENSP00000349142,9606.ENSP00000359729,9606.ENSP00000381736,9606.ENSP00000411672,9606.ENSP00000417378,9606.ENSP00000444688,9606.ENSP00000497474	ATP6V1E1,COX5B,ATP5F1B,SLC17A6,ATP6V1A,ATP6V1B2,ATP6V0D1,ATP6V1G2,UQCRFS1,UQCRH,ATP5F1C,SLC9A6,ATP5F1A,ATP6V0E2,ATP6V1F,ATP1A3,COX7B
GO:0046034	ATP metabolic process	16	163	0.99	1.52	2.99e-08	9606.ENSP00000229270,9606.ENSP00000262030,9606.ENSP00000273398,9606.ENSP00000276390,9606.ENSP00000276689,9606.ENSP00000330737,9606.ENSP00000349142,9606.ENSP00000358840,9606.ENSP00000359991,9606.ENSP00000362058,9606.ENSP00000381736,9606.ENSP00000401770,9606.ENSP00000437402,9606.ENSP00000458770,9606.ENSP00000496166,9606.ENSP00000496597	TPI1,ATP5F1B,ATP6V1A,ATP6V1B2,NDUFB9,NDUFA12,ATP5F1C,ATP5MD,PGAM1,NDUFS5,ATP5F1A,ATP5MPL,ENO2,NDUFAB1,ALDOA,PFKM
GO:0042775	Mitochondrial ATP synthesis coupled electron transport	13	92	1.15	1.65	3.45e-08	9606.ENSP00000258424,9606.ENSP00000276689,9606.ENSP00000306397,9606.ENSP00000309565,9606.ENSP00000330737,9606.ENSP00000359098,9606.ENSP00000362058,9606.ENSP00000367939,9606.ENSP00000425759,9606.ENSP00000429707,9606.ENSP00000458770,9606.ENSP00000497474,9606.ENSP00000500990	COX5B,NDUFB9,UQCRFS1,UQCRH,NDUFA12,COX7A2,NDUFS5,UQCRQ,COX7C,COX6C,NDUFAB1,COX7B,SNCA
GO:0015980	Energy derivation by oxidation of organic compounds	19	262	0.86	1.36	4.57e-08	9606.ENSP00000258424,9606.ENSP00000262030,9606.ENSP00000276689,9606.ENSP00000306397,9606.ENSP00000309565,9606.ENSP00000330737,9606.ENSP00000349142,9606.ENSP00000359098,9606.ENSP00000362058,9606.ENSP00000367939,9606.ENSP00000381736,9606.ENSP00000410833,9606.ENSP00000411256,9606.ENSP00000425759,9606.ENSP00000429707,9606.ENSP00000458770,9606.ENSP00000496597,9606.ENSP00000497474,9606.ENSP00000500990	COX5B,ATP5F1B,NDUFB9,UQCRFS1,UQCRH,NDUFA12,ATP5F1C,COX7A2,NDUFS5,UQCRQ,ATP5F1A,GBE1,GABARAPL1,COX7C,COX6C,NDUFAB1,PFKM,COX7B,SNCA
GO:0006091	Generation of precursor metabolites and energy	23	411	0.75	1.23	5.27e-08	9606.ENSP00000229270,9606.ENSP00000258424,9606.ENSP00000262030,9606.ENSP00000276689,9606.ENSP00000306397,9606.ENSP00000309565,9606.ENSP00000330737,9606.ENSP00000349142,9606.ENSP00000359098,9606.ENSP00000359991,9606.ENSP00000362058,9606.ENSP00000367939,9606.ENSP00000381736,9606.ENSP00000410833,9606.ENSP00000411256,9606.ENSP00000425759,9606.ENSP00000429707,9606.ENSP00000437402,9606.ENSP00000458770,9606.ENSP00000496166,9606.ENSP00000496597,9606.ENSP00000497474,9606.ENSP00000500990	TPI1,COX5B,ATP5F1B,NDUFB9,UQCRFS1,UQCRH,NDUFA12,ATP5F1C,COX7A2,PGAM1,NDUFS5,UQCRQ,ATP5F1A,GBE1,GABARAPL1,COX7C,COX6C,ENO2,NDUFAB1,ALDOA,PFKM,COX7B,SNCA
GO:0034641	Cellular nitrogen compound metabolic process	73	3463	0.32	0.73	8.31e-08	9606.ENSP00000217182,9606.ENSP00000217971,9606.ENSP00000225430,9606.ENSP00000229270,9606.ENSP00000230050,9606.ENSP00000256854,9606.ENSP00000259469,9606.ENSP00000262030,9606.ENSP00000270349,9606.ENSP00000270625,9606.ENSP00000273398,9606.ENSP00000274242,9606.ENSP00000276390,9606.ENSP00000276689,9606.ENSP00000294189,9606.ENSP00000296674,9606.ENSP00000300086,9606.ENSP00000300175,9606.ENSP00000304229,9606.ENSP00000307889,9606.ENSP00000311430,9606.ENSP00000330737,9606.ENSP00000331310,9606.ENSP00000331901,9606.ENSP00000339063,9606.ENSP00000339795,9606.ENSP00000341885,9606.ENSP00000346015,9606.ENSP00000346027,9606.ENSP00000346050,9606.ENSP00000346103,9606.ENSP00000349142,9606.ENSP00000354739,9606.ENSP00000355315,9606.ENSP00000358840,9606.ENSP00000359991,9606.ENSP00000361076,9606.ENSP00000362058,9606.ENSP00000367806,9606.ENSP00000369757,9606.ENSP00000370571,9606.ENSP00000375730,9606.ENSP00000377640,9606.ENSP00000378163,9606.ENSP00000379339,9606.ENSP00000381736,9606.ENSP00000388107,9606.ENSP00000389103,9606.ENSP00000393241,9606.ENSP00000401770,9606.ENSP00000403172,9606.ENSP00000404375,9606.ENSP00000414321,9606.ENSP00000416429,9606.ENSP00000418082,9606.ENSP00000428085,9606.ENSP00000429374,9606.ENSP00000437402,9606.ENSP00000447001,9606.ENSP00000449026,9606.ENSP00000449328,9606.ENSP00000458770,9606.ENSP00000466010,9606.ENSP00000470972,9606.ENSP00000472985,9606.ENSP00000481646,9606.ENSP00000486891,9606.ENSP00000496166,9606.ENSP00000496250,9606.ENSP00000496597,9606.ENSP00000498019,9606.ENSP00000499044,9606.ENSP00000500990	EEF1A2,PGRMC1,RPL19,TPI1,RPS12,NARS1,RPL35,ATP5F1B,SLC6A3,RPS11,ATP6V1A,RPL37,ATP6V1B2,NDUFB9,RPL29,RPS23,TERF2IP,SCG5,HINT1,RPL13,RPL4,NDUFA12,MORF4L1,EEF1G,EEF1A1,RPL7,RPS2,RPL27A,RPL21,RPS3A,GPX4,ATP5F1C,RPL12,RPL39,ATP5MD,PGAM1,RPL7A,NDUFS5,RPS16,RPS6,TH,RPL13A,RPL24,RPL34,RPS29,ATP5F1A,UBA52,RPL23A,RPS18,ATP5MPL,RPL6,RPL36A,RPS24,RPL32,RPL37A,RPL30,RPS20,ENO2,RPL18,RPL41,RPLP0,NDUFAB1,RPS15,RPS19,RPS5,RPS10,TCF7L2,ALDOA,RPL11,PFKM,RPS17,RPS27,SNCA
GO:0010467	Gene expression	52	2101	0.39	0.77	4.54e-07	9606.ENSP00000216200,9606.ENSP00000217182,9606.ENSP00000225430,9606.ENSP00000230050,9606.ENSP00000256854,9606.ENSP00000259469,9606.ENSP00000270625,9606.ENSP00000274242,9606.ENSP00000282928,9606.ENSP00000294189,9606.ENSP00000296674,9606.ENSP00000300175,9606.ENSP00000307889,9606.ENSP00000311430,9606.ENSP00000331901,9606.ENSP00000339063,9606.ENSP00000339795,9606.ENSP00000341885,9606.ENSP00000346015,9606.ENSP00000346027,9606.ENSP00000346050,9606.ENSP00000354739,9606.ENSP00000355315,9606.ENSP00000361076,9606.ENSP00000367806,9606.ENSP00000369757,9606.ENSP00000375730,9606.ENSP00000377640,9606.ENSP00000378163,9606.ENSP00000379339,9606.ENSP00000388107,9606.ENSP00000389103,9606.ENSP00000393241,9606.ENSP00000403172,9606.ENSP00000404375,9606.ENSP00000414321,9606.ENSP00000416429,9606.ENSP00000418082,9606.ENSP00000428085,9606.ENSP00000429374,9606.ENSP00000447001,9606.ENSP00000449026,9606.ENSP00000449328,9606.ENSP00000458770,9606.ENSP00000466010,9606.ENSP00000470972,9606.ENSP00000472985,9606.ENSP00000479719,9606.ENSP00000481646,9606.ENSP00000496250,9606.ENSP00000498019,9606.ENSP00000499044	PVALB,EEF1A2,RPL19,RPS12,NARS1,RPL35,RPS11,RPL37,ZIC1,RPL29,RPS23,SCG5,RPL13,RPL4,EEF1G,EEF1A1,RPL7,RPS2,RPL27A,RPL21,RPS3A,RPL12,RPL39,RPL7A,RPS16,RPS6,RPL13A,RPL24,RPL34,RPS29,UBA52,RPL23A,RPS18,RPL6,RPL36A,RPS24,RPL32,RPL37A,RPL30,RPS20,RPL18,RPL41,RPLP0,NDUFAB1,RPS15,RPS19,RPS5,CYFIP2,RPS10,RPL11,RPS17,RPS27
GO:0099504	Synaptic vesicle cycle	13	125	1.01	1.33	6.57e-07	9606.ENSP00000254976,9606.ENSP00000261205,9606.ENSP00000263160,9606.ENSP00000358142,9606.ENSP00000360108,9606.ENSP00000362014,9606.ENSP00000362399,9606.ENSP00000369981,9606.ENSP00000370571,9606.ENSP00000400459,9606.ENSP00000403362,9606.ENSP00000496339,9606.ENSP00000500990	SNAP25,SYT1,SLC17A6,SV2A,DNAJC6,DNM1,STXBP1,SH3GL2,TH,SNAP91,AP2M1,SLC18A2,SNCA
GO:0006754	ATP biosynthetic process	11	87	1.1	1.31	1.85e-06	9606.ENSP00000262030,9606.ENSP00000273398,9606.ENSP00000276689,9606.ENSP00000330737,9606.ENSP00000349142,9606.ENSP00000358840,9606.ENSP00000362058,9606.ENSP00000381736,9606.ENSP00000401770,9606.ENSP00000458770,9606.ENSP00000496166	ATP5F1B,ATP6V1A,NDUFB9,NDUFA12,ATP5F1C,ATP5MD,NDUFS5,ATP5F1A,ATP5MPL,NDUFAB1,ALDOA
GO:0019646	Aerobic electron transport chain	11	87	1.1	1.31	1.85e-06	9606.ENSP00000258424,9606.ENSP00000276689,9606.ENSP00000306397,9606.ENSP00000309565,9606.ENSP00000359098,9606.ENSP00000362058,9606.ENSP00000367939,9606.ENSP00000425759,9606.ENSP00000429707,9606.ENSP00000458770,9606.ENSP00000497474	COX5B,NDUFB9,UQCRFS1,UQCRH,COX7A2,NDUFS5,UQCRQ,COX7C,COX6C,NDUFAB1,COX7B
GO:0009987	Cellular process	181	14826	0.08	0.47	2.51e-06	9606.ENSP00000199448,9606.ENSP00000216200,9606.ENSP00000217182,9606.ENSP00000217971,9606.ENSP00000221166,9606.ENSP00000225430,9606.ENSP00000229270,9606.ENSP00000230050,9606.ENSP00000231487,9606.ENSP00000239940,9606.ENSP00000246069,9606.ENSP00000248121,9606.ENSP00000253413,9606.ENSP00000254286,9606.ENSP00000254976,9606.ENSP00000255224,9606.ENSP00000256854,9606.ENSP00000258424,9606.ENSP00000259455,9606.ENSP00000259469,9606.ENSP00000261205,9606.ENSP00000262030,9606.ENSP00000263160,9606.ENSP00000267484,9606.ENSP00000270349,9606.ENSP00000270625,9606.ENSP00000273398,9606.ENSP00000273550,9606.ENSP00000273861,9606.ENSP00000274242,9606.ENSP00000276390,9606.ENSP00000276689,9606.ENSP00000282928,9606.ENSP00000284440,9606.ENSP00000290401,9606.ENSP00000290949,9606.ENSP00000294117,9606.ENSP00000294189,9606.ENSP00000295666,9606.ENSP00000296674,9606.ENSP00000296755,9606.ENSP00000297785,9606.ENSP00000300086,9606.ENSP00000300175,9606.ENSP00000300231,9606.ENSP00000302194,9606.ENSP00000304133,9606.ENSP00000304229,9606.ENSP00000306330,9606.ENSP00000306397,9606.ENSP00000306788,9606.ENSP00000307889,9606.ENSP00000309565,9606.ENSP00000310623,9606.ENSP00000311430,9606.ENSP00000311997,9606.ENSP00000319281,9606.ENSP00000320295,9606.ENSP00000320488,9606.ENSP00000329403,9606.ENSP00000330737,9606.ENSP00000331310,9606.ENSP00000331901,9606.ENSP00000339001,9606.ENSP00000339063,9606.ENSP00000339795,9606.ENSP00000341289,9606.ENSP00000341885,9606.ENSP00000342962,9606.ENSP00000344801,9606.ENSP00000345229,9606.ENSP00000346015,9606.ENSP00000346027,9606.ENSP00000346050,9606.ENSP00000346103,9606.ENSP00000349142,9606.ENSP00000353508,9606.ENSP00000354032,9606.ENSP00000354739,9606.ENSP00000355315,9606.ENSP00000357838,9606.ENSP00000357917,9606.ENSP00000358142,9606.ENSP00000358840,9606.ENSP00000358865,9606.ENSP00000359098,9606.ENSP00000359729,9606.ENSP00000359991,9606.ENSP00000360108,9606.ENSP00000360425,9606.ENSP00000361076,9606.ENSP00000361207,9606.ENSP00000361635,9606.ENSP00000361728,9606.ENSP00000361813,9606.ENSP00000361930,9606.ENSP00000362014,9606.ENSP00000362058,9606.ENSP00000362171,9606.ENSP00000362399,9606.ENSP00000364847,9606.ENSP00000366525,9606.ENSP00000367050,9606.ENSP00000367806,9606.ENSP00000367841,9606.ENSP00000367939,9606.ENSP00000368244,9606.ENSP00000369703,9606.ENSP00000369757,9606.ENSP00000369981,9606.ENSP00000370571,9606.ENSP00000375730,9606.ENSP00000377372,9606.ENSP00000377640,9606.ENSP00000377823,9606.ENSP00000378163,9606.ENSP00000378812,9606.ENSP00000379287,9606.ENSP00000379339,9606.ENSP00000379512,9606.ENSP00000379873,9606.ENSP00000381736,9606.ENSP00000386741,9606.ENSP00000387694,9606.ENSP00000388107,9606.ENSP00000388942,9606.ENSP00000389103,9606.ENSP00000392197,9606.ENSP00000393097,9606.ENSP00000393241,9606.ENSP00000395474,9606.ENSP00000396198,9606.ENSP00000400459,9606.ENSP00000401770,9606.ENSP00000403172,9606.ENSP00000403362,9606.ENSP00000404375,9606.ENSP00000410833,9606.ENSP00000411256,9606.ENSP00000411672,9606.ENSP00000414321,9606.ENSP00000416341,9606.ENSP00000416429,9606.ENSP00000417378,9606.ENSP00000418082,9606.ENSP00000418944,9606.ENSP00000419425,9606.ENSP00000423541,9606.ENSP00000425759,9606.ENSP00000428085,9606.ENSP00000429243,9606.ENSP00000429374,9606.ENSP00000429707,9606.ENSP00000437402,9606.ENSP00000444688,9606.ENSP00000446007,9606.ENSP00000446054,9606.ENSP00000447001,9606.ENSP00000449026,9606.ENSP00000449328,9606.ENSP00000451594,9606.ENSP00000458770,9606.ENSP00000462521,9606.ENSP00000466010,9606.ENSP00000470972,9606.ENSP00000472985,9606.ENSP00000479719,9606.ENSP00000481646,9606.ENSP00000482169,9606.ENSP00000482826,9606.ENSP00000486891,9606.ENSP00000496166,9606.ENSP00000496250,9606.ENSP00000496339,9606.ENSP00000496597,9606.ENSP00000497474,9606.ENSP00000497910,9606.ENSP00000498019,9606.ENSP00000499044,9606.ENSP00000499717,9606.ENSP00000500990	EPDR1,PVALB,EEF1A2,PGRMC1,NEFM,RPL19,TPI1,RPS12,SKP1,PFN2,DSTN,SYNGR3,ATP6V1E1,ACTR10,SNAP25,SYT4,NARS1,COX5B,GABBR2,RPL35,SYT1,ATP5F1B,SLC17A6,RTN1,SLC6A3,RPS11,ATP6V1A,FTH1,SLC10A4,RPL37,ATP6V1B2,NDUFB9,ZIC1,UCHL1,NPTN,ATP6V0D1,GNG3,RPL29,IGFBP7,RPS23,MAP1B,ALDH1A1,TERF2IP,SCG5,MAP1A,ATP6V1G2,SCG2,HINT1,YWHAG,UQCRFS1,ARL6IP1,RPL13,UQCRH,ISCU,RPL4,NEFH,BASP1,TUBB3,NAP1L5,PCP4,NDUFA12,MORF4L1,EEF1G,TUBB,EEF1A1,RPL7,TUBB4B,RPS2,SERINC1,SLC24A2,DNER,RPL27A,RPL21,RPS3A,GPX4,ATP5F1C,MAP2,BSCL2,RPL12,RPL39,OAT,MLLT11,SV2A,ATP5MD,INA,COX7A2,SLC9A6,PGAM1,DNAJC6,RCAN2,RPL7A,GHITM,VDAC2,BEX3,BEX1,YWHAB,DNM1,NDUFS5,NAP1L3,STXBP1,MAGED1,FTL,RTN3,RPS16,DYNLT3,UQCRQ,CHGB,TUBB2A,RPS6,SH3GL2,TH,RPL13A,GAP43,RPL24,NDRG4,RPL34,CHCHD2,YWHAZ,RPS29,MGST1,HLA-A,ATP5F1A,CHN1,SLC12A5,UBA52,SCRN1,RPL23A,REEP1,GABRA1,RPS18,SNX10,FGF13,SNAP91,ATP5MPL,RPL6,AP2M1,RPL36A,GBE1,GABARAPL1,ATP6V0E2,RPS24,NELL2,RPL32,ATP6V1F,RPL37A,PEG10,PPIA,SV2C,COX7C,RPL30,STMN2,RPS20,COX6C,ENO2,ATP1A3,VIM,BEX5,RPL18,RPL41,RPLP0,MOAP1,NDUFAB1,TXNIP,RPS15,RPS19,RPS5,CYFIP2,RPS10,NEFL,NAPB,TCF7L2,ALDOA,RPL11,SLC18A2,PFKM,COX7B,B2M,RPS17,RPS27,CALM1,SNCA
GO:0015986	Proton motive force-driven ATP synthesis	10	74	1.13	1.24	4.95e-06	9606.ENSP00000262030,9606.ENSP00000273398,9606.ENSP00000276689,9606.ENSP00000330737,9606.ENSP00000349142,9606.ENSP00000358840,9606.ENSP00000362058,9606.ENSP00000381736,9606.ENSP00000401770,9606.ENSP00000458770	ATP5F1B,ATP6V1A,NDUFB9,NDUFA12,ATP5F1C,ATP5MD,NDUFS5,ATP5F1A,ATP5MPL,NDUFAB1
GO:0044260	Cellular macromolecule metabolic process	55	2512	0.34	0.65	7.05e-06	9606.ENSP00000217182,9606.ENSP00000225430,9606.ENSP00000230050,9606.ENSP00000231487,9606.ENSP00000256854,9606.ENSP00000259469,9606.ENSP00000270625,9606.ENSP00000274242,9606.ENSP00000284440,9606.ENSP00000294189,9606.ENSP00000296674,9606.ENSP00000300086,9606.ENSP00000307889,9606.ENSP00000311430,9606.ENSP00000331310,9606.ENSP00000331901,9606.ENSP00000339063,9606.ENSP00000339795,9606.ENSP00000341885,9606.ENSP00000346015,9606.ENSP00000346027,9606.ENSP00000346050,9606.ENSP00000354739,9606.ENSP00000355315,9606.ENSP00000361076,9606.ENSP00000367806,9606.ENSP00000369757,9606.ENSP00000375730,9606.ENSP00000377640,9606.ENSP00000378163,9606.ENSP00000379339,9606.ENSP00000388107,9606.ENSP00000389103,9606.ENSP00000393241,9606.ENSP00000403172,9606.ENSP00000404375,9606.ENSP00000410833,9606.ENSP00000411256,9606.ENSP00000414321,9606.ENSP00000416429,9606.ENSP00000418082,9606.ENSP00000428085,9606.ENSP00000429374,9606.ENSP00000447001,9606.ENSP00000449026,9606.ENSP00000449328,9606.ENSP00000466010,9606.ENSP00000470972,9606.ENSP00000472985,9606.ENSP00000481646,9606.ENSP00000486891,9606.ENSP00000496250,9606.ENSP00000496597,9606.ENSP00000498019,9606.ENSP00000499044	EEF1A2,RPL19,RPS12,SKP1,NARS1,RPL35,RPS11,RPL37,UCHL1,RPL29,RPS23,TERF2IP,RPL13,RPL4,MORF4L1,EEF1G,EEF1A1,RPL7,RPS2,RPL27A,RPL21,RPS3A,RPL12,RPL39,RPL7A,RPS16,RPS6,RPL13A,RPL24,RPL34,RPS29,UBA52,RPL23A,RPS18,RPL6,RPL36A,GBE1,GABARAPL1,RPS24,RPL32,RPL37A,RPL30,RPS20,RPL18,RPL41,RPLP0,RPS15,RPS19,RPS5,RPS10,TCF7L2,RPL11,PFKM,RPS17,RPS27
GO:0042255	Ribosome assembly	9	60	1.17	1.2	1.06e-05	9606.ENSP00000377640,9606.ENSP00000389103,9606.ENSP00000403172,9606.ENSP00000449328,9606.ENSP00000466010,9606.ENSP00000470972,9606.ENSP00000472985,9606.ENSP00000496250,9606.ENSP00000499044	RPL24,RPL23A,RPL6,RPLP0,RPS15,RPS19,RPS5,RPL11,RPS27
GO:0006836	Neurotransmitter transport	12	138	0.94	1.06	1.34e-05	9606.ENSP00000248121,9606.ENSP00000254976,9606.ENSP00000255224,9606.ENSP00000261205,9606.ENSP00000263160,9606.ENSP00000270349,9606.ENSP00000358142,9606.ENSP00000362399,9606.ENSP00000370571,9606.ENSP00000423541,9606.ENSP00000496339,9606.ENSP00000500990	SYNGR3,SNAP25,SYT4,SYT1,SLC17A6,SLC6A3,SV2A,STXBP1,TH,SV2C,SLC18A2,SNCA
GO:0006810	Transport	70	3785	0.26	0.56	3.09e-05	9606.ENSP00000248121,9606.ENSP00000253413,9606.ENSP00000254286,9606.ENSP00000254976,9606.ENSP00000255224,9606.ENSP00000258424,9606.ENSP00000261205,9606.ENSP00000262030,9606.ENSP00000263160,9606.ENSP00000270349,9606.ENSP00000273398,9606.ENSP00000273550,9606.ENSP00000273861,9606.ENSP00000276390,9606.ENSP00000276689,9606.ENSP00000284440,9606.ENSP00000290949,9606.ENSP00000296755,9606.ENSP00000300175,9606.ENSP00000300231,9606.ENSP00000302194,9606.ENSP00000304133,9606.ENSP00000306330,9606.ENSP00000306397,9606.ENSP00000306788,9606.ENSP00000309565,9606.ENSP00000330737,9606.ENSP00000339001,9606.ENSP00000344801,9606.ENSP00000345229,9606.ENSP00000349142,9606.ENSP00000358142,9606.ENSP00000359729,9606.ENSP00000360108,9606.ENSP00000361635,9606.ENSP00000361930,9606.ENSP00000362014,9606.ENSP00000362058,9606.ENSP00000362399,9606.ENSP00000366525,9606.ENSP00000367050,9606.ENSP00000369981,9606.ENSP00000370571,9606.ENSP00000377823,9606.ENSP00000379287,9606.ENSP00000379512,9606.ENSP00000381736,9606.ENSP00000387694,9606.ENSP00000388942,9606.ENSP00000393097,9606.ENSP00000395474,9606.ENSP00000396198,9606.ENSP00000400459,9606.ENSP00000403362,9606.ENSP00000411672,9606.ENSP00000417378,9606.ENSP00000418944,9606.ENSP00000423541,9606.ENSP00000444688,9606.ENSP00000449328,9606.ENSP00000451594,9606.ENSP00000462521,9606.ENSP00000466010,9606.ENSP00000482169,9606.ENSP00000482826,9606.ENSP00000496250,9606.ENSP00000496339,9606.ENSP00000497474,9606.ENSP00000497910,9606.ENSP00000500990	SYNGR3,ATP6V1E1,ACTR10,SNAP25,SYT4,COX5B,SYT1,ATP5F1B,SLC17A6,SLC6A3,ATP6V1A,FTH1,SLC10A4,ATP6V1B2,NDUFB9,UCHL1,ATP6V0D1,MAP1B,SCG5,MAP1A,ATP6V1G2,SCG2,YWHAG,UQCRFS1,ARL6IP1,UQCRH,NDUFA12,TUBB,SLC24A2,DNER,ATP5F1C,SV2A,SLC9A6,DNAJC6,VDAC2,YWHAB,DNM1,NDUFS5,STXBP1,FTL,RTN3,SH3GL2,TH,NDRG4,YWHAZ,MGST1,ATP5F1A,SLC12A5,SCRN1,GABRA1,SNX10,FGF13,SNAP91,AP2M1,ATP6V0E2,ATP6V1F,PEG10,SV2C,ATP1A3,RPLP0,MOAP1,TXNIP,RPS15,NEFL,NAPB,RPL11,SLC18A2,COX7B,B2M,SNCA
GO:0051234	Establishment of localization	72	3946	0.26	0.56	3.09e-05	9606.ENSP00000248121,9606.ENSP00000253413,9606.ENSP00000254286,9606.ENSP00000254976,9606.ENSP00000255224,9606.ENSP00000258424,9606.ENSP00000261205,9606.ENSP00000262030,9606.ENSP00000263160,9606.ENSP00000270349,9606.ENSP00000273398,9606.ENSP00000273550,9606.ENSP00000273861,9606.ENSP00000276390,9606.ENSP00000276689,9606.ENSP00000284440,9606.ENSP00000290949,9606.ENSP00000296755,9606.ENSP00000300175,9606.ENSP00000300231,9606.ENSP00000302194,9606.ENSP00000304133,9606.ENSP00000306330,9606.ENSP00000306397,9606.ENSP00000306788,9606.ENSP00000309565,9606.ENSP00000330737,9606.ENSP00000339001,9606.ENSP00000344801,9606.ENSP00000345229,9606.ENSP00000349142,9606.ENSP00000358142,9606.ENSP00000359729,9606.ENSP00000360108,9606.ENSP00000361635,9606.ENSP00000361930,9606.ENSP00000362014,9606.ENSP00000362058,9606.ENSP00000362399,9606.ENSP00000366525,9606.ENSP00000367050,9606.ENSP00000369981,9606.ENSP00000370571,9606.ENSP00000377823,9606.ENSP00000379287,9606.ENSP00000379512,9606.ENSP00000381736,9606.ENSP00000387694,9606.ENSP00000388942,9606.ENSP00000392197,9606.ENSP00000393097,9606.ENSP00000395474,9606.ENSP00000396198,9606.ENSP00000400459,9606.ENSP00000403362,9606.ENSP00000411672,9606.ENSP00000417378,9606.ENSP00000418944,9606.ENSP00000423541,9606.ENSP00000444688,9606.ENSP00000449328,9606.ENSP00000451594,9606.ENSP00000462521,9606.ENSP00000466010,9606.ENSP00000482169,9606.ENSP00000482826,9606.ENSP00000496250,9606.ENSP00000496339,9606.ENSP00000497474,9606.ENSP00000497910,9606.ENSP00000499717,9606.ENSP00000500990	SYNGR3,ATP6V1E1,ACTR10,SNAP25,SYT4,COX5B,SYT1,ATP5F1B,SLC17A6,SLC6A3,ATP6V1A,FTH1,SLC10A4,ATP6V1B2,NDUFB9,UCHL1,ATP6V0D1,MAP1B,SCG5,MAP1A,ATP6V1G2,SCG2,YWHAG,UQCRFS1,ARL6IP1,UQCRH,NDUFA12,TUBB,SLC24A2,DNER,ATP5F1C,SV2A,SLC9A6,DNAJC6,VDAC2,YWHAB,DNM1,NDUFS5,STXBP1,FTL,RTN3,SH3GL2,TH,NDRG4,YWHAZ,MGST1,ATP5F1A,SLC12A5,SCRN1,REEP1,GABRA1,SNX10,FGF13,SNAP91,AP2M1,ATP6V0E2,ATP6V1F,PEG10,SV2C,ATP1A3,RPLP0,MOAP1,TXNIP,RPS15,NEFL,NAPB,RPL11,SLC18A2,COX7B,B2M,CALM1,SNCA
GO:0042254	Ribosome biogenesis	16	299	0.73	0.87	3.88e-05	9606.ENSP00000259469,9606.ENSP00000339795,9606.ENSP00000361076,9606.ENSP00000367806,9606.ENSP00000369757,9606.ENSP00000377640,9606.ENSP00000389103,9606.ENSP00000403172,9606.ENSP00000414321,9606.ENSP00000449328,9606.ENSP00000466010,9606.ENSP00000470972,9606.ENSP00000472985,9606.ENSP00000496250,9606.ENSP00000498019,9606.ENSP00000499044	RPL35,RPL7,RPL7A,RPS16,RPS6,RPL24,RPL23A,RPL6,RPS24,RPLP0,RPS15,RPS19,RPS5,RPL11,RPS17,RPS27
GO:0006812	Cation transport	28	886	0.5	0.72	3.96e-05	9606.ENSP00000253413,9606.ENSP00000254976,9606.ENSP00000258424,9606.ENSP00000262030,9606.ENSP00000263160,9606.ENSP00000270349,9606.ENSP00000273398,9606.ENSP00000273550,9606.ENSP00000273861,9606.ENSP00000276390,9606.ENSP00000290949,9606.ENSP00000302194,9606.ENSP00000306397,9606.ENSP00000309565,9606.ENSP00000344801,9606.ENSP00000349142,9606.ENSP00000359729,9606.ENSP00000366525,9606.ENSP00000381736,9606.ENSP00000387694,9606.ENSP00000396198,9606.ENSP00000411672,9606.ENSP00000417378,9606.ENSP00000444688,9606.ENSP00000496339,9606.ENSP00000497474,9606.ENSP00000497910,9606.ENSP00000500990	ATP6V1E1,SNAP25,COX5B,ATP5F1B,SLC17A6,SLC6A3,ATP6V1A,FTH1,SLC10A4,ATP6V1B2,ATP6V0D1,ATP6V1G2,UQCRFS1,UQCRH,SLC24A2,ATP5F1C,SLC9A6,FTL,ATP5F1A,SLC12A5,FGF13,ATP6V0E2,ATP6V1F,ATP1A3,SLC18A2,COX7B,B2M,SNCA
GO:0098662	Inorganic cation transmembrane transport	23	649	0.55	0.72	8.56e-05	9606.ENSP00000253413,9606.ENSP00000254976,9606.ENSP00000258424,9606.ENSP00000262030,9606.ENSP00000263160,9606.ENSP00000270349,9606.ENSP00000273398,9606.ENSP00000273861,9606.ENSP00000276390,9606.ENSP00000290949,9606.ENSP00000302194,9606.ENSP00000306397,9606.ENSP00000309565,9606.ENSP00000344801,9606.ENSP00000349142,9606.ENSP00000359729,9606.ENSP00000381736,9606.ENSP00000387694,9606.ENSP00000411672,9606.ENSP00000417378,9606.ENSP00000444688,9606.ENSP00000496339,9606.ENSP00000497474	ATP6V1E1,SNAP25,COX5B,ATP5F1B,SLC17A6,SLC6A3,ATP6V1A,SLC10A4,ATP6V1B2,ATP6V0D1,ATP6V1G2,UQCRFS1,UQCRH,SLC24A2,ATP5F1C,SLC9A6,ATP5F1A,SLC12A5,ATP6V0E2,ATP6V1F,ATP1A3,SLC18A2,COX7B
GO:0044085	Cellular component biogenesis	54	2702	0.3	0.54	0.00015	9606.ENSP00000221166,9606.ENSP00000254976,9606.ENSP00000259469,9606.ENSP00000261205,9606.ENSP00000276689,9606.ENSP00000290401,9606.ENSP00000290949,9606.ENSP00000296674,9606.ENSP00000296755,9606.ENSP00000306397,9606.ENSP00000306788,9606.ENSP00000310623,9606.ENSP00000311997,9606.ENSP00000320488,9606.ENSP00000330737,9606.ENSP00000339001,9606.ENSP00000339795,9606.ENSP00000342962,9606.ENSP00000345229,9606.ENSP00000346103,9606.ENSP00000354032,9606.ENSP00000358142,9606.ENSP00000359098,9606.ENSP00000361076,9606.ENSP00000362058,9606.ENSP00000362171,9606.ENSP00000362399,9606.ENSP00000367050,9606.ENSP00000367806,9606.ENSP00000369757,9606.ENSP00000377640,9606.ENSP00000379287,9606.ENSP00000389103,9606.ENSP00000393097,9606.ENSP00000395474,9606.ENSP00000396198,9606.ENSP00000400459,9606.ENSP00000403172,9606.ENSP00000403362,9606.ENSP00000411256,9606.ENSP00000414321,9606.ENSP00000418944,9606.ENSP00000449328,9606.ENSP00000458770,9606.ENSP00000466010,9606.ENSP00000470972,9606.ENSP00000472985,9606.ENSP00000482169,9606.ENSP00000496166,9606.ENSP00000496250,9606.ENSP00000497910,9606.ENSP00000498019,9606.ENSP00000499044,9606.ENSP00000500990	NEFM,SNAP25,RPL35,SYT1,NDUFB9,NPTN,ATP6V0D1,RPS23,MAP1B,UQCRFS1,ARL6IP1,ISCU,NEFH,NAP1L5,NDUFA12,TUBB,RPL7,SERINC1,DNER,GPX4,BSCL2,SV2A,COX7A2,RPL7A,NDUFS5,NAP1L3,STXBP1,RTN3,RPS16,RPS6,RPL24,YWHAZ,RPL23A,GABRA1,SNX10,FGF13,SNAP91,RPL6,AP2M1,GABARAPL1,RPS24,PEG10,RPLP0,NDUFAB1,RPS15,RPS19,RPS5,NEFL,ALDOA,RPL11,B2M,RPS17,RPS27,SNCA
GO:1901564	Organonitrogen compound metabolic process	82	4981	0.21	0.48	0.00019	9606.ENSP00000217182,9606.ENSP00000217971,9606.ENSP00000225430,9606.ENSP00000229270,9606.ENSP00000230050,9606.ENSP00000231487,9606.ENSP00000256854,9606.ENSP00000259469,9606.ENSP00000262030,9606.ENSP00000270349,9606.ENSP00000270625,9606.ENSP00000273398,9606.ENSP00000274242,9606.ENSP00000276390,9606.ENSP00000276689,9606.ENSP00000284440,9606.ENSP00000294189,9606.ENSP00000296674,9606.ENSP00000297785,9606.ENSP00000300175,9606.ENSP00000304229,9606.ENSP00000307889,9606.ENSP00000311430,9606.ENSP00000330737,9606.ENSP00000331310,9606.ENSP00000331901,9606.ENSP00000339063,9606.ENSP00000339795,9606.ENSP00000341885,9606.ENSP00000342962,9606.ENSP00000345229,9606.ENSP00000346015,9606.ENSP00000346027,9606.ENSP00000346050,9606.ENSP00000346103,9606.ENSP00000349142,9606.ENSP00000354739,9606.ENSP00000355315,9606.ENSP00000357838,9606.ENSP00000358840,9606.ENSP00000359991,9606.ENSP00000361076,9606.ENSP00000362058,9606.ENSP00000367806,9606.ENSP00000369757,9606.ENSP00000370571,9606.ENSP00000375730,9606.ENSP00000377640,9606.ENSP00000378163,9606.ENSP00000379287,9606.ENSP00000379339,9606.ENSP00000381736,9606.ENSP00000388107,9606.ENSP00000388942,9606.ENSP00000389103,9606.ENSP00000393241,9606.ENSP00000401770,9606.ENSP00000403172,9606.ENSP00000404375,9606.ENSP00000414321,9606.ENSP00000416429,9606.ENSP00000418082,9606.ENSP00000419425,9606.ENSP00000428085,9606.ENSP00000429374,9606.ENSP00000437402,9606.ENSP00000447001,9606.ENSP00000449026,9606.ENSP00000449328,9606.ENSP00000458770,9606.ENSP00000466010,9606.ENSP00000470972,9606.ENSP00000472985,9606.ENSP00000479719,9606.ENSP00000481646,9606.ENSP00000496166,9606.ENSP00000496250,9606.ENSP00000496597,9606.ENSP00000497910,9606.ENSP00000498019,9606.ENSP00000499044,9606.ENSP00000500990	EEF1A2,PGRMC1,RPL19,TPI1,RPS12,SKP1,NARS1,RPL35,ATP5F1B,SLC6A3,RPS11,ATP6V1A,RPL37,ATP6V1B2,NDUFB9,UCHL1,RPL29,RPS23,ALDH1A1,SCG5,HINT1,RPL13,RPL4,NDUFA12,MORF4L1,EEF1G,EEF1A1,RPL7,RPS2,SERINC1,DNER,RPL27A,RPL21,RPS3A,GPX4,ATP5F1C,RPL12,RPL39,OAT,ATP5MD,PGAM1,RPL7A,NDUFS5,RPS16,RPS6,TH,RPL13A,RPL24,RPL34,YWHAZ,RPS29,ATP5F1A,UBA52,SCRN1,RPL23A,RPS18,ATP5MPL,RPL6,RPL36A,RPS24,RPL32,RPL37A,PPIA,RPL30,RPS20,ENO2,RPL18,RPL41,RPLP0,NDUFAB1,RPS15,RPS19,RPS5,CYFIP2,RPS10,ALDOA,RPL11,PFKM,B2M,RPS17,RPS27,SNCA
GO:0009150	Purine ribonucleotide metabolic process	17	390	0.64	0.72	0.00021	9606.ENSP00000229270,9606.ENSP00000262030,9606.ENSP00000273398,9606.ENSP00000276390,9606.ENSP00000276689,9606.ENSP00000304229,9606.ENSP00000330737,9606.ENSP00000349142,9606.ENSP00000358840,9606.ENSP00000359991,9606.ENSP00000362058,9606.ENSP00000381736,9606.ENSP00000401770,9606.ENSP00000437402,9606.ENSP00000458770,9606.ENSP00000496166,9606.ENSP00000496597	TPI1,ATP5F1B,ATP6V1A,ATP6V1B2,NDUFB9,HINT1,NDUFA12,ATP5F1C,ATP5MD,PGAM1,NDUFS5,ATP5F1A,ATP5MPL,ENO2,NDUFAB1,ALDOA,PFKM
GO:0043933	Protein-containing complex organization	36	1465	0.39	0.58	0.00021	9606.ENSP00000246069,9606.ENSP00000254976,9606.ENSP00000261205,9606.ENSP00000276689,9606.ENSP00000306397,9606.ENSP00000320488,9606.ENSP00000330737,9606.ENSP00000346103,9606.ENSP00000358142,9606.ENSP00000359098,9606.ENSP00000360108,9606.ENSP00000362058,9606.ENSP00000362171,9606.ENSP00000362399,9606.ENSP00000369981,9606.ENSP00000377640,9606.ENSP00000389103,9606.ENSP00000396198,9606.ENSP00000400459,9606.ENSP00000403172,9606.ENSP00000403362,9606.ENSP00000418944,9606.ENSP00000429243,9606.ENSP00000449328,9606.ENSP00000458770,9606.ENSP00000466010,9606.ENSP00000470972,9606.ENSP00000472985,9606.ENSP00000482169,9606.ENSP00000482826,9606.ENSP00000496166,9606.ENSP00000496250,9606.ENSP00000497910,9606.ENSP00000499044,9606.ENSP00000499717,9606.ENSP00000500990	DSTN,SNAP25,SYT1,NDUFB9,UQCRFS1,NAP1L5,NDUFA12,GPX4,SV2A,COX7A2,DNAJC6,NDUFS5,NAP1L3,STXBP1,SH3GL2,RPL24,RPL23A,FGF13,SNAP91,RPL6,AP2M1,PEG10,STMN2,RPLP0,NDUFAB1,RPS15,RPS19,RPS5,NEFL,NAPB,ALDOA,RPL11,B2M,RPS27,CALM1,SNCA
GO:0098660	Inorganic ion transmembrane transport	24	743	0.51	0.65	0.00021	9606.ENSP00000253413,9606.ENSP00000254976,9606.ENSP00000258424,9606.ENSP00000262030,9606.ENSP00000263160,9606.ENSP00000270349,9606.ENSP00000273398,9606.ENSP00000273861,9606.ENSP00000276390,9606.ENSP00000290949,9606.ENSP00000302194,9606.ENSP00000306397,9606.ENSP00000309565,9606.ENSP00000344801,9606.ENSP00000349142,9606.ENSP00000359729,9606.ENSP00000381736,9606.ENSP00000387694,9606.ENSP00000393097,9606.ENSP00000411672,9606.ENSP00000417378,9606.ENSP00000444688,9606.ENSP00000496339,9606.ENSP00000497474	ATP6V1E1,SNAP25,COX5B,ATP5F1B,SLC17A6,SLC6A3,ATP6V1A,SLC10A4,ATP6V1B2,ATP6V0D1,ATP6V1G2,UQCRFS1,UQCRH,SLC24A2,ATP5F1C,SLC9A6,ATP5F1A,SLC12A5,GABRA1,ATP6V0E2,ATP6V1F,ATP1A3,SLC18A2,COX7B
GO:0051179	Localization	76	4512	0.22	0.48	0.00025	9606.ENSP00000231487,9606.ENSP00000248121,9606.ENSP00000253413,9606.ENSP00000254286,9606.ENSP00000254976,9606.ENSP00000255224,9606.ENSP00000258424,9606.ENSP00000261205,9606.ENSP00000262030,9606.ENSP00000263160,9606.ENSP00000270349,9606.ENSP00000273398,9606.ENSP00000273550,9606.ENSP00000273861,9606.ENSP00000276390,9606.ENSP00000276689,9606.ENSP00000284440,9606.ENSP00000290949,9606.ENSP00000296755,9606.ENSP00000300086,9606.ENSP00000300175,9606.ENSP00000300231,9606.ENSP00000302194,9606.ENSP00000304133,9606.ENSP00000306330,9606.ENSP00000306397,9606.ENSP00000306788,9606.ENSP00000309565,9606.ENSP00000330737,9606.ENSP00000339001,9606.ENSP00000344801,9606.ENSP00000345229,9606.ENSP00000349142,9606.ENSP00000354032,9606.ENSP00000358142,9606.ENSP00000359729,9606.ENSP00000360108,9606.ENSP00000361635,9606.ENSP00000361930,9606.ENSP00000362014,9606.ENSP00000362058,9606.ENSP00000362399,9606.ENSP00000364847,9606.ENSP00000366525,9606.ENSP00000367050,9606.ENSP00000369981,9606.ENSP00000370571,9606.ENSP00000377823,9606.ENSP00000379287,9606.ENSP00000379512,9606.ENSP00000381736,9606.ENSP00000387694,9606.ENSP00000388942,9606.ENSP00000392197,9606.ENSP00000393097,9606.ENSP00000395474,9606.ENSP00000396198,9606.ENSP00000400459,9606.ENSP00000403362,9606.ENSP00000411672,9606.ENSP00000417378,9606.ENSP00000418944,9606.ENSP00000423541,9606.ENSP00000444688,9606.ENSP00000449328,9606.ENSP00000451594,9606.ENSP00000462521,9606.ENSP00000466010,9606.ENSP00000482169,9606.ENSP00000482826,9606.ENSP00000496250,9606.ENSP00000496339,9606.ENSP00000497474,9606.ENSP00000497910,9606.ENSP00000499717,9606.ENSP00000500990	SKP1,SYNGR3,ATP6V1E1,ACTR10,SNAP25,SYT4,COX5B,SYT1,ATP5F1B,SLC17A6,SLC6A3,ATP6V1A,FTH1,SLC10A4,ATP6V1B2,NDUFB9,UCHL1,ATP6V0D1,MAP1B,TERF2IP,SCG5,MAP1A,ATP6V1G2,SCG2,YWHAG,UQCRFS1,ARL6IP1,UQCRH,NDUFA12,TUBB,SLC24A2,DNER,ATP5F1C,BSCL2,SV2A,SLC9A6,DNAJC6,VDAC2,YWHAB,DNM1,NDUFS5,STXBP1,MAGED1,FTL,RTN3,SH3GL2,TH,NDRG4,YWHAZ,MGST1,ATP5F1A,SLC12A5,SCRN1,REEP1,GABRA1,SNX10,FGF13,SNAP91,AP2M1,ATP6V0E2,ATP6V1F,PEG10,SV2C,ATP1A3,RPLP0,MOAP1,TXNIP,RPS15,NEFL,NAPB,RPL11,SLC18A2,COX7B,B2M,CALM1,SNCA
GO:0042273	Ribosomal large subunit biogenesis	8	74	1.03	0.81	0.00044	9606.ENSP00000259469,9606.ENSP00000339795,9606.ENSP00000361076,9606.ENSP00000377640,9606.ENSP00000389103,9606.ENSP00000403172,9606.ENSP00000449328,9606.ENSP00000496250	RPL35,RPL7,RPL7A,RPL24,RPL23A,RPL6,RPLP0,RPL11
GO:0071840	Cellular component organization or biogenesis	88	5639	0.19	0.44	0.00049	9606.ENSP00000221166,9606.ENSP00000239940,9606.ENSP00000246069,9606.ENSP00000254976,9606.ENSP00000255224,9606.ENSP00000259469,9606.ENSP00000261205,9606.ENSP00000273398,9606.ENSP00000276689,9606.ENSP00000284440,9606.ENSP00000290401,9606.ENSP00000290949,9606.ENSP00000296674,9606.ENSP00000296755,9606.ENSP00000300086,9606.ENSP00000300231,9606.ENSP00000306397,9606.ENSP00000306788,9606.ENSP00000310623,9606.ENSP00000311997,9606.ENSP00000320295,9606.ENSP00000320488,9606.ENSP00000330737,9606.ENSP00000331310,9606.ENSP00000339001,9606.ENSP00000339795,9606.ENSP00000341289,9606.ENSP00000342962,9606.ENSP00000345229,9606.ENSP00000346103,9606.ENSP00000353508,9606.ENSP00000354032,9606.ENSP00000358142,9606.ENSP00000358865,9606.ENSP00000359098,9606.ENSP00000359729,9606.ENSP00000360108,9606.ENSP00000361076,9606.ENSP00000361207,9606.ENSP00000361635,9606.ENSP00000362014,9606.ENSP00000362058,9606.ENSP00000362171,9606.ENSP00000362399,9606.ENSP00000367050,9606.ENSP00000367806,9606.ENSP00000369703,9606.ENSP00000369757,9606.ENSP00000369981,9606.ENSP00000377372,9606.ENSP00000377640,9606.ENSP00000378812,9606.ENSP00000379287,9606.ENSP00000386741,9606.ENSP00000387694,9606.ENSP00000389103,9606.ENSP00000392197,9606.ENSP00000393097,9606.ENSP00000395474,9606.ENSP00000396198,9606.ENSP00000400459,9606.ENSP00000403172,9606.ENSP00000403362,9606.ENSP00000411256,9606.ENSP00000414321,9606.ENSP00000417378,9606.ENSP00000418944,9606.ENSP00000419425,9606.ENSP00000429243,9606.ENSP00000444688,9606.ENSP00000446007,9606.ENSP00000449328,9606.ENSP00000451594,9606.ENSP00000458770,9606.ENSP00000466010,9606.ENSP00000470972,9606.ENSP00000472985,9606.ENSP00000479719,9606.ENSP00000482169,9606.ENSP00000482826,9606.ENSP00000486891,9606.ENSP00000496166,9606.ENSP00000496250,9606.ENSP00000497910,9606.ENSP00000498019,9606.ENSP00000499044,9606.ENSP00000499717,9606.ENSP00000500990	NEFM,PFN2,DSTN,SNAP25,SYT4,RPL35,SYT1,ATP6V1A,NDUFB9,UCHL1,NPTN,ATP6V0D1,RPS23,MAP1B,TERF2IP,MAP1A,UQCRFS1,ARL6IP1,ISCU,NEFH,TUBB3,NAP1L5,NDUFA12,MORF4L1,TUBB,RPL7,TUBB4B,SERINC1,DNER,GPX4,MAP2,BSCL2,SV2A,INA,COX7A2,SLC9A6,DNAJC6,RPL7A,GHITM,VDAC2,DNM1,NDUFS5,NAP1L3,STXBP1,RTN3,RPS16,TUBB2A,RPS6,SH3GL2,GAP43,RPL24,CHCHD2,YWHAZ,CHN1,SLC12A5,RPL23A,REEP1,GABRA1,SNX10,FGF13,SNAP91,RPL6,AP2M1,GABARAPL1,RPS24,ATP6V1F,PEG10,PPIA,STMN2,ATP1A3,VIM,RPLP0,MOAP1,NDUFAB1,RPS15,RPS19,RPS5,CYFIP2,NEFL,NAPB,TCF7L2,ALDOA,RPL11,B2M,RPS17,RPS27,CALM1,SNCA
GO:0006811	Ion transport	31	1214	0.4	0.55	0.00055	9606.ENSP00000253413,9606.ENSP00000254976,9606.ENSP00000258424,9606.ENSP00000262030,9606.ENSP00000263160,9606.ENSP00000270349,9606.ENSP00000273398,9606.ENSP00000273550,9606.ENSP00000273861,9606.ENSP00000276390,9606.ENSP00000290949,9606.ENSP00000302194,9606.ENSP00000306397,9606.ENSP00000309565,9606.ENSP00000344801,9606.ENSP00000349142,9606.ENSP00000359729,9606.ENSP00000361635,9606.ENSP00000366525,9606.ENSP00000379512,9606.ENSP00000381736,9606.ENSP00000387694,9606.ENSP00000393097,9606.ENSP00000396198,9606.ENSP00000411672,9606.ENSP00000417378,9606.ENSP00000444688,9606.ENSP00000496339,9606.ENSP00000497474,9606.ENSP00000497910,9606.ENSP00000500990	ATP6V1E1,SNAP25,COX5B,ATP5F1B,SLC17A6,SLC6A3,ATP6V1A,FTH1,SLC10A4,ATP6V1B2,ATP6V0D1,ATP6V1G2,UQCRFS1,UQCRH,SLC24A2,ATP5F1C,SLC9A6,VDAC2,FTL,MGST1,ATP5F1A,SLC12A5,GABRA1,FGF13,ATP6V0E2,ATP6V1F,ATP1A3,SLC18A2,COX7B,B2M,SNCA
GO:0019725	Cellular homeostasis	21	628	0.52	0.61	0.00056	9606.ENSP00000262030,9606.ENSP00000273398,9606.ENSP00000273550,9606.ENSP00000276390,9606.ENSP00000290401,9606.ENSP00000290949,9606.ENSP00000300231,9606.ENSP00000310623,9606.ENSP00000344801,9606.ENSP00000358142,9606.ENSP00000359729,9606.ENSP00000366525,9606.ENSP00000370571,9606.ENSP00000387694,9606.ENSP00000395474,9606.ENSP00000411672,9606.ENSP00000416341,9606.ENSP00000417378,9606.ENSP00000444688,9606.ENSP00000496166,9606.ENSP00000496597	ATP5F1B,ATP6V1A,FTH1,ATP6V1B2,NPTN,ATP6V0D1,MAP1A,ISCU,SLC24A2,SV2A,SLC9A6,FTL,TH,SLC12A5,SNX10,ATP6V0E2,NELL2,ATP6V1F,ATP1A3,ALDOA,PFKM
GO:0006996	Organelle organization	62	3470	0.25	0.47	0.00057	9606.ENSP00000221166,9606.ENSP00000239940,9606.ENSP00000246069,9606.ENSP00000254976,9606.ENSP00000255224,9606.ENSP00000273398,9606.ENSP00000276689,9606.ENSP00000290949,9606.ENSP00000296674,9606.ENSP00000296755,9606.ENSP00000300086,9606.ENSP00000300231,9606.ENSP00000306397,9606.ENSP00000306788,9606.ENSP00000311997,9606.ENSP00000320295,9606.ENSP00000320488,9606.ENSP00000330737,9606.ENSP00000331310,9606.ENSP00000339001,9606.ENSP00000341289,9606.ENSP00000346103,9606.ENSP00000353508,9606.ENSP00000354032,9606.ENSP00000358865,9606.ENSP00000359098,9606.ENSP00000361207,9606.ENSP00000361635,9606.ENSP00000362014,9606.ENSP00000362058,9606.ENSP00000362171,9606.ENSP00000362399,9606.ENSP00000367050,9606.ENSP00000369703,9606.ENSP00000377640,9606.ENSP00000378812,9606.ENSP00000379287,9606.ENSP00000389103,9606.ENSP00000392197,9606.ENSP00000395474,9606.ENSP00000396198,9606.ENSP00000400459,9606.ENSP00000403172,9606.ENSP00000403362,9606.ENSP00000411256,9606.ENSP00000417378,9606.ENSP00000419425,9606.ENSP00000429243,9606.ENSP00000446007,9606.ENSP00000449328,9606.ENSP00000451594,9606.ENSP00000458770,9606.ENSP00000466010,9606.ENSP00000470972,9606.ENSP00000472985,9606.ENSP00000482169,9606.ENSP00000486891,9606.ENSP00000496166,9606.ENSP00000496250,9606.ENSP00000499044,9606.ENSP00000499717,9606.ENSP00000500990	NEFM,PFN2,DSTN,SNAP25,SYT4,ATP6V1A,NDUFB9,ATP6V0D1,RPS23,MAP1B,TERF2IP,MAP1A,UQCRFS1,ARL6IP1,NEFH,TUBB3,NAP1L5,NDUFA12,MORF4L1,TUBB,TUBB4B,GPX4,MAP2,BSCL2,INA,COX7A2,GHITM,VDAC2,DNM1,NDUFS5,NAP1L3,STXBP1,RTN3,TUBB2A,RPL24,CHCHD2,YWHAZ,RPL23A,REEP1,SNX10,FGF13,SNAP91,RPL6,AP2M1,GABARAPL1,ATP6V1F,PPIA,STMN2,VIM,RPLP0,MOAP1,NDUFAB1,RPS15,RPS19,RPS5,NEFL,TCF7L2,ALDOA,RPL11,RPS27,CALM1,SNCA
GO:0042274	Ribosomal small subunit biogenesis	8	78	1.01	0.79	0.00057	9606.ENSP00000367806,9606.ENSP00000369757,9606.ENSP00000414321,9606.ENSP00000466010,9606.ENSP00000470972,9606.ENSP00000472985,9606.ENSP00000498019,9606.ENSP00000499044	RPS16,RPS6,RPS24,RPS15,RPS19,RPS5,RPS17,RPS27
GO:0099537	Trans-synaptic signaling	17	426	0.6	0.64	0.00057	9606.ENSP00000216200,9606.ENSP00000254976,9606.ENSP00000255224,9606.ENSP00000259455,9606.ENSP00000261205,9606.ENSP00000263160,9606.ENSP00000270349,9606.ENSP00000290401,9606.ENSP00000358142,9606.ENSP00000362399,9606.ENSP00000370571,9606.ENSP00000387694,9606.ENSP00000393097,9606.ENSP00000423541,9606.ENSP00000482826,9606.ENSP00000496339,9606.ENSP00000500990	PVALB,SNAP25,SYT4,GABBR2,SYT1,SLC17A6,SLC6A3,NPTN,SV2A,STXBP1,TH,SLC12A5,GABRA1,SV2C,NAPB,SLC18A2,SNCA
GO:0065008	Regulation of biological quality	64	3654	0.24	0.46	0.00067	9606.ENSP00000239940,9606.ENSP00000246069,9606.ENSP00000248121,9606.ENSP00000254976,9606.ENSP00000255224,9606.ENSP00000261205,9606.ENSP00000262030,9606.ENSP00000263160,9606.ENSP00000270349,9606.ENSP00000273398,9606.ENSP00000273550,9606.ENSP00000276390,9606.ENSP00000290401,9606.ENSP00000290949,9606.ENSP00000294117,9606.ENSP00000296755,9606.ENSP00000297785,9606.ENSP00000300175,9606.ENSP00000300231,9606.ENSP00000306330,9606.ENSP00000310623,9606.ENSP00000339001,9606.ENSP00000344801,9606.ENSP00000353508,9606.ENSP00000354032,9606.ENSP00000357917,9606.ENSP00000358142,9606.ENSP00000359729,9606.ENSP00000361635,9606.ENSP00000362399,9606.ENSP00000366525,9606.ENSP00000369757,9606.ENSP00000369981,9606.ENSP00000370571,9606.ENSP00000379287,9606.ENSP00000384719,9606.ENSP00000387694,9606.ENSP00000393097,9606.ENSP00000395474,9606.ENSP00000396198,9606.ENSP00000403362,9606.ENSP00000411672,9606.ENSP00000414321,9606.ENSP00000416341,9606.ENSP00000417378,9606.ENSP00000419425,9606.ENSP00000444688,9606.ENSP00000446007,9606.ENSP00000449328,9606.ENSP00000451594,9606.ENSP00000470972,9606.ENSP00000472985,9606.ENSP00000477352,9606.ENSP00000479719,9606.ENSP00000482169,9606.ENSP00000486891,9606.ENSP00000496166,9606.ENSP00000496250,9606.ENSP00000496339,9606.ENSP00000496597,9606.ENSP00000497910,9606.ENSP00000498019,9606.ENSP00000499717,9606.ENSP00000500990	PFN2,DSTN,SYNGR3,SNAP25,SYT4,SYT1,ATP5F1B,SLC17A6,SLC6A3,ATP6V1A,FTH1,ATP6V1B2,NPTN,ATP6V0D1,GNG3,MAP1B,ALDH1A1,SCG5,MAP1A,YWHAG,ISCU,TUBB,SLC24A2,MAP2,BSCL2,MLLT11,SV2A,SLC9A6,VDAC2,STXBP1,FTL,RPS6,SH3GL2,TH,YWHAZ,VSNL1,SLC12A5,GABRA1,SNX10,FGF13,AP2M1,ATP6V0E2,RPS24,NELL2,ATP6V1F,PPIA,ATP1A3,VIM,RPLP0,MOAP1,RPS19,RPS5,SCOC,CYFIP2,NEFL,TCF7L2,ALDOA,RPL11,SLC18A2,PFKM,B2M,RPS17,CALM1,SNCA
GO:0048488	Synaptic vesicle endocytosis	7	56	1.09	0.79	0.00069	9606.ENSP00000261205,9606.ENSP00000360108,9606.ENSP00000362014,9606.ENSP00000369981,9606.ENSP00000400459,9606.ENSP00000403362,9606.ENSP00000500990	SYT1,DNAJC6,DNM1,SH3GL2,SNAP91,AP2M1,SNCA
GO:0001505	Regulation of neurotransmitter levels	12	222	0.73	0.66	0.00092	9606.ENSP00000239940,9606.ENSP00000248121,9606.ENSP00000254976,9606.ENSP00000255224,9606.ENSP00000261205,9606.ENSP00000270349,9606.ENSP00000358142,9606.ENSP00000362399,9606.ENSP00000370571,9606.ENSP00000496339,9606.ENSP00000499717,9606.ENSP00000500990	PFN2,SYNGR3,SNAP25,SYT4,SYT1,SLC6A3,SV2A,STXBP1,TH,SLC18A2,CALM1,SNCA
GO:0030004	Cellular monovalent inorganic cation homeostasis	9	115	0.89	0.71	0.00092	9606.ENSP00000262030,9606.ENSP00000273398,9606.ENSP00000276390,9606.ENSP00000290949,9606.ENSP00000359729,9606.ENSP00000387694,9606.ENSP00000411672,9606.ENSP00000417378,9606.ENSP00000444688	ATP5F1B,ATP6V1A,ATP6V1B2,ATP6V0D1,SLC9A6,SLC12A5,ATP6V0E2,ATP6V1F,ATP1A3
GO:0051453	Regulation of intracellular pH	8	85	0.97	0.73	0.00092	9606.ENSP00000262030,9606.ENSP00000273398,9606.ENSP00000276390,9606.ENSP00000290949,9606.ENSP00000359729,9606.ENSP00000387694,9606.ENSP00000411672,9606.ENSP00000417378	ATP5F1B,ATP6V1A,ATP6V1B2,ATP6V0D1,SLC9A6,SLC12A5,ATP6V0E2,ATP6V1F
GO:0007268	Chemical synaptic transmission	16	409	0.59	0.59	0.0012	9606.ENSP00000216200,9606.ENSP00000254976,9606.ENSP00000255224,9606.ENSP00000259455,9606.ENSP00000261205,9606.ENSP00000263160,9606.ENSP00000270349,9606.ENSP00000358142,9606.ENSP00000362399,9606.ENSP00000370571,9606.ENSP00000387694,9606.ENSP00000393097,9606.ENSP00000423541,9606.ENSP00000482826,9606.ENSP00000496339,9606.ENSP00000500990	PVALB,SNAP25,SYT4,GABBR2,SYT1,SLC17A6,SLC6A3,SV2A,STXBP1,TH,SLC12A5,GABRA1,SV2C,NAPB,SLC18A2,SNCA
GO:0042776	Proton motive force-driven mitochondrial ATP synthesis	7	64	1.04	0.71	0.0014	9606.ENSP00000262030,9606.ENSP00000276689,9606.ENSP00000330737,9606.ENSP00000349142,9606.ENSP00000362058,9606.ENSP00000381736,9606.ENSP00000458770	ATP5F1B,NDUFB9,NDUFA12,ATP5F1C,NDUFS5,ATP5F1A,NDUFAB1
GO:0098771	Inorganic ion homeostasis	18	514	0.54	0.57	0.0014	9606.ENSP00000262030,9606.ENSP00000263160,9606.ENSP00000273398,9606.ENSP00000273550,9606.ENSP00000276390,9606.ENSP00000290401,9606.ENSP00000290949,9606.ENSP00000310623,9606.ENSP00000344801,9606.ENSP00000358142,9606.ENSP00000359729,9606.ENSP00000366525,9606.ENSP00000387694,9606.ENSP00000395474,9606.ENSP00000411672,9606.ENSP00000417378,9606.ENSP00000444688,9606.ENSP00000497910	ATP5F1B,SLC17A6,ATP6V1A,FTH1,ATP6V1B2,NPTN,ATP6V0D1,ISCU,SLC24A2,SV2A,SLC9A6,FTL,SLC12A5,SNX10,ATP6V0E2,ATP6V1F,ATP1A3,B2M
GO:0006123	Mitochondrial electron transport, cytochrome c to oxygen	5	23	1.34	0.75	0.0015	9606.ENSP00000258424,9606.ENSP00000359098,9606.ENSP00000425759,9606.ENSP00000429707,9606.ENSP00000497474	COX5B,COX7A2,COX7C,COX6C,COX7B
GO:0000027	Ribosomal large subunit assembly	5	25	1.3	0.71	0.0020	9606.ENSP00000377640,9606.ENSP00000389103,9606.ENSP00000403172,9606.ENSP00000449328,9606.ENSP00000496250	RPL24,RPL23A,RPL6,RPLP0,RPL11
GO:1904666	Regulation of ubiquitin protein ligase activity	5	26	1.28	0.69	0.0023	9606.ENSP00000231487,9606.ENSP00000274242,9606.ENSP00000429374,9606.ENSP00000466010,9606.ENSP00000496250	SKP1,RPL37,RPS20,RPS15,RPL11
GO:0019885	Antigen processing and presentation of endogenous peptide antigen via MHC class I	4	12	1.52	0.69	0.0028	9606.ENSP00000365402,9606.ENSP00000379873,9606.ENSP00000399168,9606.ENSP00000497910	HLA-C,HLA-A,HLA-B,B2M
GO:0055080	Cation homeostasis	17	499	0.53	0.51	0.0030	9606.ENSP00000262030,9606.ENSP00000273398,9606.ENSP00000273550,9606.ENSP00000276390,9606.ENSP00000290401,9606.ENSP00000290949,9606.ENSP00000310623,9606.ENSP00000344801,9606.ENSP00000358142,9606.ENSP00000359729,9606.ENSP00000366525,9606.ENSP00000387694,9606.ENSP00000395474,9606.ENSP00000411672,9606.ENSP00000417378,9606.ENSP00000444688,9606.ENSP00000497910	ATP5F1B,ATP6V1A,FTH1,ATP6V1B2,NPTN,ATP6V0D1,ISCU,SLC24A2,SV2A,SLC9A6,FTL,SLC12A5,SNX10,ATP6V0E2,ATP6V1F,ATP1A3,B2M
GO:0002486	Antigen processing and presentation of endogenous peptide antigen via MHC class I via ER pathway, TAP-independent	3	3	2.0	0.69	0.0032	9606.ENSP00000365402,9606.ENSP00000379873,9606.ENSP00000399168	HLA-C,HLA-A,HLA-B
GO:0006364	rRNA processing	11	220	0.7	0.56	0.0032	9606.ENSP00000259469,9606.ENSP00000339795,9606.ENSP00000361076,9606.ENSP00000367806,9606.ENSP00000369757,9606.ENSP00000414321,9606.ENSP00000466010,9606.ENSP00000470972,9606.ENSP00000496250,9606.ENSP00000498019,9606.ENSP00000499044	RPL35,RPL7,RPL7A,RPS16,RPS6,RPS24,RPS15,RPS19,RPL11,RPS17,RPS27
GO:0030003	Cellular cation homeostasis	15	404	0.57	0.52	0.0032	9606.ENSP00000262030,9606.ENSP00000273398,9606.ENSP00000273550,9606.ENSP00000276390,9606.ENSP00000290401,9606.ENSP00000290949,9606.ENSP00000310623,9606.ENSP00000344801,9606.ENSP00000358142,9606.ENSP00000359729,9606.ENSP00000366525,9606.ENSP00000387694,9606.ENSP00000411672,9606.ENSP00000417378,9606.ENSP00000444688	ATP5F1B,ATP6V1A,FTH1,ATP6V1B2,NPTN,ATP6V0D1,ISCU,SLC24A2,SV2A,SLC9A6,FTL,SLC12A5,ATP6V0E2,ATP6V1F,ATP1A3
GO:0033693	Neurofilament bundle assembly	3	3	2.0	0.69	0.0032	9606.ENSP00000221166,9606.ENSP00000311997,9606.ENSP00000482169	NEFM,NEFH,NEFL
GO:0051452	Intracellular pH reduction	6	50	1.08	0.63	0.0032	9606.ENSP00000273398,9606.ENSP00000276390,9606.ENSP00000290949,9606.ENSP00000387694,9606.ENSP00000411672,9606.ENSP00000417378	ATP6V1A,ATP6V1B2,ATP6V0D1,SLC12A5,ATP6V0E2,ATP6V1F
GO:0065003	Protein-containing complex assembly	30	1303	0.36	0.45	0.0034	9606.ENSP00000254976,9606.ENSP00000261205,9606.ENSP00000276689,9606.ENSP00000306397,9606.ENSP00000320488,9606.ENSP00000330737,9606.ENSP00000346103,9606.ENSP00000358142,9606.ENSP00000359098,9606.ENSP00000362058,9606.ENSP00000362171,9606.ENSP00000362399,9606.ENSP00000377640,9606.ENSP00000389103,9606.ENSP00000396198,9606.ENSP00000400459,9606.ENSP00000403172,9606.ENSP00000403362,9606.ENSP00000418944,9606.ENSP00000449328,9606.ENSP00000458770,9606.ENSP00000466010,9606.ENSP00000470972,9606.ENSP00000472985,9606.ENSP00000482169,9606.ENSP00000496166,9606.ENSP00000496250,9606.ENSP00000497910,9606.ENSP00000499044,9606.ENSP00000500990	SNAP25,SYT1,NDUFB9,UQCRFS1,NAP1L5,NDUFA12,GPX4,SV2A,COX7A2,NDUFS5,NAP1L3,STXBP1,RPL24,RPL23A,FGF13,SNAP91,RPL6,AP2M1,PEG10,RPLP0,NDUFAB1,RPS15,RPS19,RPS5,NEFL,ALDOA,RPL11,B2M,RPS27,SNCA
GO:0001504	Neurotransmitter uptake	5	30	1.22	0.64	0.0035	9606.ENSP00000248121,9606.ENSP00000254976,9606.ENSP00000270349,9606.ENSP00000496339,9606.ENSP00000500990	SYNGR3,SNAP25,SLC6A3,SLC18A2,SNCA
GO:0016082	Synaptic vesicle priming	4	14	1.45	0.65	0.0038	9606.ENSP00000254976,9606.ENSP00000358142,9606.ENSP00000362399,9606.ENSP00000500990	SNAP25,SV2A,STXBP1,SNCA
GO:0022607	Cellular component assembly	46	2467	0.27	0.41	0.0038	9606.ENSP00000221166,9606.ENSP00000254976,9606.ENSP00000261205,9606.ENSP00000276689,9606.ENSP00000290401,9606.ENSP00000290949,9606.ENSP00000296674,9606.ENSP00000296755,9606.ENSP00000306397,9606.ENSP00000306788,9606.ENSP00000310623,9606.ENSP00000311997,9606.ENSP00000320488,9606.ENSP00000330737,9606.ENSP00000339001,9606.ENSP00000345229,9606.ENSP00000346103,9606.ENSP00000354032,9606.ENSP00000358142,9606.ENSP00000359098,9606.ENSP00000362058,9606.ENSP00000362171,9606.ENSP00000362399,9606.ENSP00000367050,9606.ENSP00000377640,9606.ENSP00000379287,9606.ENSP00000389103,9606.ENSP00000393097,9606.ENSP00000395474,9606.ENSP00000396198,9606.ENSP00000400459,9606.ENSP00000403172,9606.ENSP00000403362,9606.ENSP00000411256,9606.ENSP00000418944,9606.ENSP00000449328,9606.ENSP00000458770,9606.ENSP00000466010,9606.ENSP00000470972,9606.ENSP00000472985,9606.ENSP00000482169,9606.ENSP00000496166,9606.ENSP00000496250,9606.ENSP00000497910,9606.ENSP00000499044,9606.ENSP00000500990	NEFM,SNAP25,SYT1,NDUFB9,NPTN,ATP6V0D1,RPS23,MAP1B,UQCRFS1,ARL6IP1,ISCU,NEFH,NAP1L5,NDUFA12,TUBB,DNER,GPX4,BSCL2,SV2A,COX7A2,NDUFS5,NAP1L3,STXBP1,RTN3,RPL24,YWHAZ,RPL23A,GABRA1,SNX10,FGF13,SNAP91,RPL6,AP2M1,GABARAPL1,PEG10,RPLP0,NDUFAB1,RPS15,RPS19,RPS5,NEFL,ALDOA,RPL11,B2M,RPS27,SNCA
GO:0007399	Nervous system development	42	2188	0.28	0.4	0.0048	9606.ENSP00000248121,9606.ENSP00000256854,9606.ENSP00000261205,9606.ENSP00000267484,9606.ENSP00000270349,9606.ENSP00000282928,9606.ENSP00000284440,9606.ENSP00000290401,9606.ENSP00000290949,9606.ENSP00000296755,9606.ENSP00000300231,9606.ENSP00000311997,9606.ENSP00000319281,9606.ENSP00000320295,9606.ENSP00000345229,9606.ENSP00000353508,9606.ENSP00000358865,9606.ENSP00000359729,9606.ENSP00000361813,9606.ENSP00000362399,9606.ENSP00000367050,9606.ENSP00000367939,9606.ENSP00000369703,9606.ENSP00000369981,9606.ENSP00000370571,9606.ENSP00000377372,9606.ENSP00000377494,9606.ENSP00000377640,9606.ENSP00000377823,9606.ENSP00000379287,9606.ENSP00000386741,9606.ENSP00000387694,9606.ENSP00000393097,9606.ENSP00000396198,9606.ENSP00000419425,9606.ENSP00000429243,9606.ENSP00000444688,9606.ENSP00000446007,9606.ENSP00000479719,9606.ENSP00000482169,9606.ENSP00000497474,9606.ENSP00000499717	SYNGR3,NARS1,SYT1,RTN1,SLC6A3,ZIC1,UCHL1,NPTN,ATP6V0D1,MAP1B,MAP1A,NEFH,BASP1,TUBB3,DNER,MAP2,INA,SLC9A6,BEX1,STXBP1,RTN3,UQCRQ,TUBB2A,SH3GL2,TH,GAP43,TAGLN3,RPL24,NDRG4,YWHAZ,CHN1,SLC12A5,GABRA1,FGF13,PPIA,STMN2,ATP1A3,VIM,CYFIP2,NEFL,COX7B,CALM1
GO:0048699	Generation of neurons	27	1131	0.38	0.43	0.0048	9606.ENSP00000267484,9606.ENSP00000284440,9606.ENSP00000290401,9606.ENSP00000296755,9606.ENSP00000300231,9606.ENSP00000311997,9606.ENSP00000320295,9606.ENSP00000345229,9606.ENSP00000353508,9606.ENSP00000359729,9606.ENSP00000362399,9606.ENSP00000367050,9606.ENSP00000367939,9606.ENSP00000369703,9606.ENSP00000369981,9606.ENSP00000370571,9606.ENSP00000377372,9606.ENSP00000377640,9606.ENSP00000379287,9606.ENSP00000386741,9606.ENSP00000387694,9606.ENSP00000396198,9606.ENSP00000419425,9606.ENSP00000429243,9606.ENSP00000446007,9606.ENSP00000479719,9606.ENSP00000482169	RTN1,UCHL1,NPTN,MAP1B,MAP1A,NEFH,TUBB3,DNER,MAP2,SLC9A6,STXBP1,RTN3,UQCRQ,TUBB2A,SH3GL2,TH,GAP43,RPL24,YWHAZ,CHN1,SLC12A5,FGF13,PPIA,STMN2,VIM,CYFIP2,NEFL
GO:0007035	Vacuolar acidification	5	33	1.18	0.6	0.0049	9606.ENSP00000273398,9606.ENSP00000276390,9606.ENSP00000290949,9606.ENSP00000411672,9606.ENSP00000417378	ATP6V1A,ATP6V1B2,ATP6V0D1,ATP6V0E2,ATP6V1F
GO:0051438	Regulation of ubiquitin-protein transferase activity	6	58	1.01	0.57	0.0057	9606.ENSP00000231487,9606.ENSP00000274242,9606.ENSP00000341885,9606.ENSP00000429374,9606.ENSP00000466010,9606.ENSP00000496250	SKP1,RPL37,RPS2,RPS20,RPS15,RPL11
GO:0016241	Regulation of macroautophagy	9	159	0.75	0.51	0.0066	9606.ENSP00000253413,9606.ENSP00000273398,9606.ENSP00000276390,9606.ENSP00000284440,9606.ENSP00000290949,9606.ENSP00000302194,9606.ENSP00000411672,9606.ENSP00000451594,9606.ENSP00000477352	ATP6V1E1,ATP6V1A,ATP6V1B2,UCHL1,ATP6V0D1,ATP6V1G2,ATP6V0E2,MOAP1,SCOC
GO:0044237	Cellular metabolic process	93	6568	0.15	0.34	0.0072	9606.ENSP00000217182,9606.ENSP00000217971,9606.ENSP00000225430,9606.ENSP00000229270,9606.ENSP00000230050,9606.ENSP00000231487,9606.ENSP00000256854,9606.ENSP00000258424,9606.ENSP00000259469,9606.ENSP00000262030,9606.ENSP00000270349,9606.ENSP00000270625,9606.ENSP00000273398,9606.ENSP00000274242,9606.ENSP00000276390,9606.ENSP00000276689,9606.ENSP00000284440,9606.ENSP00000294189,9606.ENSP00000296674,9606.ENSP00000297785,9606.ENSP00000300086,9606.ENSP00000300175,9606.ENSP00000304229,9606.ENSP00000306397,9606.ENSP00000307889,9606.ENSP00000309565,9606.ENSP00000310623,9606.ENSP00000311430,9606.ENSP00000330737,9606.ENSP00000331310,9606.ENSP00000331901,9606.ENSP00000339063,9606.ENSP00000339795,9606.ENSP00000341885,9606.ENSP00000342962,9606.ENSP00000346015,9606.ENSP00000346027,9606.ENSP00000346050,9606.ENSP00000346103,9606.ENSP00000349142,9606.ENSP00000354739,9606.ENSP00000355315,9606.ENSP00000357838,9606.ENSP00000358840,9606.ENSP00000359098,9606.ENSP00000359991,9606.ENSP00000360108,9606.ENSP00000361076,9606.ENSP00000362058,9606.ENSP00000367806,9606.ENSP00000367939,9606.ENSP00000369757,9606.ENSP00000370571,9606.ENSP00000375730,9606.ENSP00000377640,9606.ENSP00000378163,9606.ENSP00000379287,9606.ENSP00000379339,9606.ENSP00000381736,9606.ENSP00000388107,9606.ENSP00000389103,9606.ENSP00000393241,9606.ENSP00000401770,9606.ENSP00000403172,9606.ENSP00000404375,9606.ENSP00000410833,9606.ENSP00000411256,9606.ENSP00000414321,9606.ENSP00000416429,9606.ENSP00000418082,9606.ENSP00000425759,9606.ENSP00000428085,9606.ENSP00000429374,9606.ENSP00000429707,9606.ENSP00000437402,9606.ENSP00000447001,9606.ENSP00000449026,9606.ENSP00000449328,9606.ENSP00000451594,9606.ENSP00000458770,9606.ENSP00000466010,9606.ENSP00000470972,9606.ENSP00000472985,9606.ENSP00000481646,9606.ENSP00000486891,9606.ENSP00000496166,9606.ENSP00000496250,9606.ENSP00000496597,9606.ENSP00000497474,9606.ENSP00000498019,9606.ENSP00000499044,9606.ENSP00000499717,9606.ENSP00000500990	EEF1A2,PGRMC1,RPL19,TPI1,RPS12,SKP1,NARS1,COX5B,RPL35,ATP5F1B,SLC6A3,RPS11,ATP6V1A,RPL37,ATP6V1B2,NDUFB9,UCHL1,RPL29,RPS23,ALDH1A1,TERF2IP,SCG5,HINT1,UQCRFS1,RPL13,UQCRH,ISCU,RPL4,NDUFA12,MORF4L1,EEF1G,EEF1A1,RPL7,RPS2,SERINC1,RPL27A,RPL21,RPS3A,GPX4,ATP5F1C,RPL12,RPL39,OAT,ATP5MD,COX7A2,PGAM1,DNAJC6,RPL7A,NDUFS5,RPS16,UQCRQ,RPS6,TH,RPL13A,RPL24,RPL34,YWHAZ,RPS29,ATP5F1A,UBA52,RPL23A,RPS18,ATP5MPL,RPL6,RPL36A,GBE1,GABARAPL1,RPS24,RPL32,RPL37A,COX7C,RPL30,RPS20,COX6C,ENO2,RPL18,RPL41,RPLP0,MOAP1,NDUFAB1,RPS15,RPS19,RPS5,RPS10,TCF7L2,ALDOA,RPL11,PFKM,COX7B,RPS17,RPS27,CALM1,SNCA
GO:0000028	Ribosomal small subunit assembly	4	19	1.32	0.54	0.0096	9606.ENSP00000466010,9606.ENSP00000470972,9606.ENSP00000472985,9606.ENSP00000499044	RPS15,RPS19,RPS5,RPS27
GO:0016043	Cellular component organization	80	5436	0.17	0.33	0.0097	9606.ENSP00000221166,9606.ENSP00000239940,9606.ENSP00000246069,9606.ENSP00000254976,9606.ENSP00000255224,9606.ENSP00000261205,9606.ENSP00000273398,9606.ENSP00000276689,9606.ENSP00000284440,9606.ENSP00000290401,9606.ENSP00000290949,9606.ENSP00000296674,9606.ENSP00000296755,9606.ENSP00000300086,9606.ENSP00000300231,9606.ENSP00000306397,9606.ENSP00000306788,9606.ENSP00000310623,9606.ENSP00000311997,9606.ENSP00000320295,9606.ENSP00000320488,9606.ENSP00000330737,9606.ENSP00000331310,9606.ENSP00000339001,9606.ENSP00000341289,9606.ENSP00000345229,9606.ENSP00000346103,9606.ENSP00000353508,9606.ENSP00000354032,9606.ENSP00000358142,9606.ENSP00000358865,9606.ENSP00000359098,9606.ENSP00000359729,9606.ENSP00000360108,9606.ENSP00000361207,9606.ENSP00000361635,9606.ENSP00000362014,9606.ENSP00000362058,9606.ENSP00000362171,9606.ENSP00000362399,9606.ENSP00000367050,9606.ENSP00000369703,9606.ENSP00000369981,9606.ENSP00000377372,9606.ENSP00000377640,9606.ENSP00000378812,9606.ENSP00000379287,9606.ENSP00000386741,9606.ENSP00000387694,9606.ENSP00000389103,9606.ENSP00000392197,9606.ENSP00000393097,9606.ENSP00000395474,9606.ENSP00000396198,9606.ENSP00000400459,9606.ENSP00000403172,9606.ENSP00000403362,9606.ENSP00000411256,9606.ENSP00000417378,9606.ENSP00000418944,9606.ENSP00000419425,9606.ENSP00000429243,9606.ENSP00000444688,9606.ENSP00000446007,9606.ENSP00000449328,9606.ENSP00000451594,9606.ENSP00000458770,9606.ENSP00000466010,9606.ENSP00000470972,9606.ENSP00000472985,9606.ENSP00000479719,9606.ENSP00000482169,9606.ENSP00000482826,9606.ENSP00000486891,9606.ENSP00000496166,9606.ENSP00000496250,9606.ENSP00000497910,9606.ENSP00000499044,9606.ENSP00000499717,9606.ENSP00000500990	NEFM,PFN2,DSTN,SNAP25,SYT4,SYT1,ATP6V1A,NDUFB9,UCHL1,NPTN,ATP6V0D1,RPS23,MAP1B,TERF2IP,MAP1A,UQCRFS1,ARL6IP1,ISCU,NEFH,TUBB3,NAP1L5,NDUFA12,MORF4L1,TUBB,TUBB4B,DNER,GPX4,MAP2,BSCL2,SV2A,INA,COX7A2,SLC9A6,DNAJC6,GHITM,VDAC2,DNM1,NDUFS5,NAP1L3,STXBP1,RTN3,TUBB2A,SH3GL2,GAP43,RPL24,CHCHD2,YWHAZ,CHN1,SLC12A5,RPL23A,REEP1,GABRA1,SNX10,FGF13,SNAP91,RPL6,AP2M1,GABARAPL1,ATP6V1F,PEG10,PPIA,STMN2,ATP1A3,VIM,RPLP0,MOAP1,NDUFAB1,RPS15,RPS19,RPS5,CYFIP2,NEFL,NAPB,TCF7L2,ALDOA,RPL11,B2M,RPS27,CALM1,SNCA
GO:1905446	Regulation of mitochondrial ATP synthesis coupled electron transport	3	6	1.7	0.55	0.0101	9606.ENSP00000361207,9606.ENSP00000378812,9606.ENSP00000500990	GHITM,CHCHD2,SNCA
GO:0051649	Establishment of localization in cell	35	1756	0.3	0.37	0.0105	9606.ENSP00000254286,9606.ENSP00000254976,9606.ENSP00000255224,9606.ENSP00000261205,9606.ENSP00000263160,9606.ENSP00000270349,9606.ENSP00000284440,9606.ENSP00000290949,9606.ENSP00000296755,9606.ENSP00000300175,9606.ENSP00000300231,9606.ENSP00000306330,9606.ENSP00000306788,9606.ENSP00000339001,9606.ENSP00000358142,9606.ENSP00000360108,9606.ENSP00000361635,9606.ENSP00000361930,9606.ENSP00000362014,9606.ENSP00000362399,9606.ENSP00000369981,9606.ENSP00000370571,9606.ENSP00000379287,9606.ENSP00000395474,9606.ENSP00000400459,9606.ENSP00000403362,9606.ENSP00000451594,9606.ENSP00000462521,9606.ENSP00000466010,9606.ENSP00000482169,9606.ENSP00000482826,9606.ENSP00000496250,9606.ENSP00000496339,9606.ENSP00000499717,9606.ENSP00000500990	ACTR10,SNAP25,SYT4,SYT1,SLC17A6,SLC6A3,UCHL1,ATP6V0D1,MAP1B,SCG5,MAP1A,YWHAG,ARL6IP1,TUBB,SV2A,DNAJC6,VDAC2,YWHAB,DNM1,STXBP1,SH3GL2,TH,YWHAZ,SNX10,SNAP91,AP2M1,MOAP1,TXNIP,RPS15,NEFL,NAPB,RPL11,SLC18A2,CALM1,SNCA
GO:0042592	Homeostatic process	30	1406	0.33	0.37	0.0112	9606.ENSP00000262030,9606.ENSP00000263160,9606.ENSP00000273398,9606.ENSP00000273550,9606.ENSP00000276390,9606.ENSP00000290401,9606.ENSP00000290949,9606.ENSP00000297785,9606.ENSP00000300231,9606.ENSP00000310623,9606.ENSP00000344801,9606.ENSP00000358142,9606.ENSP00000359729,9606.ENSP00000366525,9606.ENSP00000369757,9606.ENSP00000369981,9606.ENSP00000370571,9606.ENSP00000387694,9606.ENSP00000395474,9606.ENSP00000411672,9606.ENSP00000414321,9606.ENSP00000416341,9606.ENSP00000417378,9606.ENSP00000444688,9606.ENSP00000470972,9606.ENSP00000486891,9606.ENSP00000496166,9606.ENSP00000496597,9606.ENSP00000497910,9606.ENSP00000498019	ATP5F1B,SLC17A6,ATP6V1A,FTH1,ATP6V1B2,NPTN,ATP6V0D1,ALDH1A1,MAP1A,ISCU,SLC24A2,SV2A,SLC9A6,FTL,RPS6,SH3GL2,TH,SLC12A5,SNX10,ATP6V0E2,RPS24,NELL2,ATP6V1F,ATP1A3,RPS19,TCF7L2,ALDOA,PFKM,B2M,RPS17
GO:0031338	Regulation of vesicle fusion	4	21	1.28	0.51	0.0128	9606.ENSP00000255224,9606.ENSP00000261205,9606.ENSP00000362399,9606.ENSP00000500990	SYT4,SYT1,STXBP1,SNCA
GO:0055082	Cellular chemical homeostasis	16	523	0.48	0.4	0.0129	9606.ENSP00000262030,9606.ENSP00000273398,9606.ENSP00000273550,9606.ENSP00000276390,9606.ENSP00000290401,9606.ENSP00000290949,9606.ENSP00000310623,9606.ENSP00000344801,9606.ENSP00000358142,9606.ENSP00000359729,9606.ENSP00000366525,9606.ENSP00000370571,9606.ENSP00000387694,9606.ENSP00000411672,9606.ENSP00000417378,9606.ENSP00000444688	ATP5F1B,ATP6V1A,FTH1,ATP6V1B2,NPTN,ATP6V0D1,ISCU,SLC24A2,SV2A,SLC9A6,FTL,TH,SLC12A5,ATP6V0E2,ATP6V1F,ATP1A3
GO:0140694	Non-membrane-bounded organelle assembly	12	314	0.58	0.42	0.0135	9606.ENSP00000296674,9606.ENSP00000339001,9606.ENSP00000354032,9606.ENSP00000377640,9606.ENSP00000389103,9606.ENSP00000403172,9606.ENSP00000449328,9606.ENSP00000466010,9606.ENSP00000470972,9606.ENSP00000472985,9606.ENSP00000496250,9606.ENSP00000499044	RPS23,TUBB,BSCL2,RPL24,RPL23A,RPL6,RPLP0,RPS15,RPS19,RPS5,RPL11,RPS27
GO:0031111	Negative regulation of microtubule polymerization or depolymerization	5	43	1.06	0.49	0.0136	9606.ENSP00000296755,9606.ENSP00000353508,9606.ENSP00000396198,9606.ENSP00000429243,9606.ENSP00000500990	MAP1B,MAP2,FGF13,STMN2,SNCA
GO:0051955	Regulation of amino acid transport	5	43	1.06	0.49	0.0136	9606.ENSP00000255224,9606.ENSP00000306788,9606.ENSP00000358142,9606.ENSP00000362399,9606.ENSP00000500990	SYT4,ARL6IP1,SV2A,STXBP1,SNCA
GO:1990384	Hyaloid vascular plexus regression	3	7	1.63	0.51	0.0136	9606.ENSP00000263160,9606.ENSP00000270349,9606.ENSP00000370571	SLC17A6,SLC6A3,TH
GO:0048812	Neuron projection morphogenesis	15	477	0.5	0.39	0.0152	9606.ENSP00000284440,9606.ENSP00000290401,9606.ENSP00000296755,9606.ENSP00000300231,9606.ENSP00000311997,9606.ENSP00000320295,9606.ENSP00000353508,9606.ENSP00000359729,9606.ENSP00000362399,9606.ENSP00000369981,9606.ENSP00000377372,9606.ENSP00000377640,9606.ENSP00000386741,9606.ENSP00000479719,9606.ENSP00000482169	UCHL1,NPTN,MAP1B,MAP1A,NEFH,TUBB3,MAP2,SLC9A6,STXBP1,SH3GL2,GAP43,RPL24,CHN1,CYFIP2,NEFL
GO:0048666	Neuron development	21	840	0.4	0.37	0.0167	9606.ENSP00000284440,9606.ENSP00000290401,9606.ENSP00000296755,9606.ENSP00000300231,9606.ENSP00000311997,9606.ENSP00000320295,9606.ENSP00000353508,9606.ENSP00000359729,9606.ENSP00000362399,9606.ENSP00000367939,9606.ENSP00000369981,9606.ENSP00000370571,9606.ENSP00000377372,9606.ENSP00000377640,9606.ENSP00000379287,9606.ENSP00000386741,9606.ENSP00000387694,9606.ENSP00000429243,9606.ENSP00000446007,9606.ENSP00000479719,9606.ENSP00000482169	UCHL1,NPTN,MAP1B,MAP1A,NEFH,TUBB3,MAP2,SLC9A6,STXBP1,UQCRQ,SH3GL2,TH,GAP43,RPL24,YWHAZ,CHN1,SLC12A5,STMN2,VIM,CYFIP2,NEFL
GO:0048878	Chemical homeostasis	22	904	0.38	0.36	0.0167	9606.ENSP00000262030,9606.ENSP00000263160,9606.ENSP00000273398,9606.ENSP00000273550,9606.ENSP00000276390,9606.ENSP00000290401,9606.ENSP00000290949,9606.ENSP00000310623,9606.ENSP00000344801,9606.ENSP00000358142,9606.ENSP00000359729,9606.ENSP00000366525,9606.ENSP00000369757,9606.ENSP00000370571,9606.ENSP00000387694,9606.ENSP00000395474,9606.ENSP00000411672,9606.ENSP00000417378,9606.ENSP00000444688,9606.ENSP00000486891,9606.ENSP00000496597,9606.ENSP00000497910	ATP5F1B,SLC17A6,ATP6V1A,FTH1,ATP6V1B2,NPTN,ATP6V0D1,ISCU,SLC24A2,SV2A,SLC9A6,FTL,RPS6,TH,SLC12A5,SNX10,ATP6V0E2,ATP6V1F,ATP1A3,TCF7L2,PFKM,B2M
GO:0006096	Glycolytic process	5	46	1.03	0.46	0.0171	9606.ENSP00000229270,9606.ENSP00000359991,9606.ENSP00000437402,9606.ENSP00000496166,9606.ENSP00000496597	TPI1,PGAM1,ENO2,ALDOA,PFKM
GO:0098700	Neurotransmitter loading into synaptic vesicle	3	8	1.57	0.49	0.0171	9606.ENSP00000263160,9606.ENSP00000370571,9606.ENSP00000496339	SLC17A6,TH,SLC18A2
GO:1904714	Regulation of chaperone-mediated autophagy	3	8	1.57	0.49	0.0171	9606.ENSP00000217182,9606.ENSP00000339063,9606.ENSP00000500990	EEF1A2,EEF1A1,SNCA
GO:0098657	Import into cell	9	189	0.68	0.41	0.0185	9606.ENSP00000248121,9606.ENSP00000254976,9606.ENSP00000270349,9606.ENSP00000344801,9606.ENSP00000359729,9606.ENSP00000387694,9606.ENSP00000444688,9606.ENSP00000496339,9606.ENSP00000500990	SYNGR3,SNAP25,SLC6A3,SLC24A2,SLC9A6,SLC12A5,ATP1A3,SLC18A2,SNCA
GO:0047497	Mitochondrion transport along microtubule	4	25	1.2	0.45	0.0201	9606.ENSP00000254286,9606.ENSP00000284440,9606.ENSP00000296755,9606.ENSP00000482169	ACTR10,UCHL1,MAP1B,NEFL
GO:0048167	Regulation of synaptic plasticity	9	192	0.67	0.4	0.0201	9606.ENSP00000254976,9606.ENSP00000255224,9606.ENSP00000290401,9606.ENSP00000296755,9606.ENSP00000300231,9606.ENSP00000306330,9606.ENSP00000344801,9606.ENSP00000362399,9606.ENSP00000500990	SNAP25,SYT4,NPTN,MAP1B,MAP1A,YWHAG,SLC24A2,STXBP1,SNCA
GO:0031175	Neuron projection development	18	674	0.42	0.36	0.0210	9606.ENSP00000284440,9606.ENSP00000290401,9606.ENSP00000296755,9606.ENSP00000300231,9606.ENSP00000311997,9606.ENSP00000320295,9606.ENSP00000353508,9606.ENSP00000359729,9606.ENSP00000362399,9606.ENSP00000369981,9606.ENSP00000377372,9606.ENSP00000377640,9606.ENSP00000386741,9606.ENSP00000387694,9606.ENSP00000429243,9606.ENSP00000446007,9606.ENSP00000479719,9606.ENSP00000482169	UCHL1,NPTN,MAP1B,MAP1A,NEFH,TUBB3,MAP2,SLC9A6,STXBP1,SH3GL2,GAP43,RPL24,CHN1,SLC12A5,STMN2,VIM,CYFIP2,NEFL
GO:0042416	Dopamine biosynthetic process	3	9	1.52	0.46	0.0210	9606.ENSP00000270349,9606.ENSP00000370571,9606.ENSP00000500990	SLC6A3,TH,SNCA
GO:0060052	Neurofilament cytoskeleton organization	3	9	1.52	0.46	0.0210	9606.ENSP00000311997,9606.ENSP00000358865,9606.ENSP00000482169	NEFH,INA,NEFL
GO:0030182	Neuron differentiation	24	1062	0.35	0.34	0.0217	9606.ENSP00000267484,9606.ENSP00000284440,9606.ENSP00000290401,9606.ENSP00000296755,9606.ENSP00000300231,9606.ENSP00000311997,9606.ENSP00000320295,9606.ENSP00000353508,9606.ENSP00000359729,9606.ENSP00000362399,9606.ENSP00000367050,9606.ENSP00000367939,9606.ENSP00000369981,9606.ENSP00000370571,9606.ENSP00000377372,9606.ENSP00000377640,9606.ENSP00000379287,9606.ENSP00000386741,9606.ENSP00000387694,9606.ENSP00000419425,9606.ENSP00000429243,9606.ENSP00000446007,9606.ENSP00000479719,9606.ENSP00000482169	RTN1,UCHL1,NPTN,MAP1B,MAP1A,NEFH,TUBB3,MAP2,SLC9A6,STXBP1,RTN3,UQCRQ,SH3GL2,TH,GAP43,RPL24,YWHAZ,CHN1,SLC12A5,PPIA,STMN2,VIM,CYFIP2,NEFL
GO:0010506	Regulation of autophagy	12	346	0.54	0.36	0.0263	9606.ENSP00000217182,9606.ENSP00000253413,9606.ENSP00000273398,9606.ENSP00000276390,9606.ENSP00000284440,9606.ENSP00000290949,9606.ENSP00000302194,9606.ENSP00000339063,9606.ENSP00000411672,9606.ENSP00000451594,9606.ENSP00000477352,9606.ENSP00000500990	EEF1A2,ATP6V1E1,ATP6V1A,ATP6V1B2,UCHL1,ATP6V0D1,ATP6V1G2,EEF1A1,ATP6V0E2,MOAP1,SCOC,SNCA
GO:0097484	Dendrite extension	3	10	1.47	0.43	0.0263	9606.ENSP00000359729,9606.ENSP00000369981,9606.ENSP00000479719	SLC9A6,SH3GL2,CYFIP2
GO:0022618	Ribonucleoprotein complex assembly	9	203	0.64	0.37	0.0278	9606.ENSP00000377640,9606.ENSP00000389103,9606.ENSP00000403172,9606.ENSP00000449328,9606.ENSP00000466010,9606.ENSP00000470972,9606.ENSP00000472985,9606.ENSP00000496250,9606.ENSP00000499044	RPL24,RPL23A,RPL6,RPLP0,RPS15,RPS19,RPS5,RPL11,RPS27
GO:0050808	Synapse organization	11	298	0.56	0.36	0.0278	9606.ENSP00000239940,9606.ENSP00000290401,9606.ENSP00000296755,9606.ENSP00000311997,9606.ENSP00000345229,9606.ENSP00000358865,9606.ENSP00000359729,9606.ENSP00000393097,9606.ENSP00000396198,9606.ENSP00000482169,9606.ENSP00000500990	PFN2,NPTN,MAP1B,NEFH,DNER,INA,SLC9A6,GABRA1,FGF13,NEFL,SNCA
GO:0051640	Organelle localization	15	514	0.46	0.34	0.0278	9606.ENSP00000254286,9606.ENSP00000254976,9606.ENSP00000255224,9606.ENSP00000261205,9606.ENSP00000284440,9606.ENSP00000296755,9606.ENSP00000362014,9606.ENSP00000362399,9606.ENSP00000377823,9606.ENSP00000379287,9606.ENSP00000400459,9606.ENSP00000466010,9606.ENSP00000482169,9606.ENSP00000499717,9606.ENSP00000500990	ACTR10,SNAP25,SYT4,SYT1,UCHL1,MAP1B,DNM1,STXBP1,NDRG4,YWHAZ,SNAP91,RPS15,NEFL,CALM1,SNCA
GO:0007269	Neurotransmitter secretion	6	85	0.85	0.39	0.0290	9606.ENSP00000254976,9606.ENSP00000255224,9606.ENSP00000261205,9606.ENSP00000358142,9606.ENSP00000362399,9606.ENSP00000500990	SNAP25,SYT4,SYT1,SV2A,STXBP1,SNCA
GO:0055072	Iron ion homeostasis	6	86	0.84	0.38	0.0302	9606.ENSP00000273398,9606.ENSP00000273550,9606.ENSP00000290949,9606.ENSP00000310623,9606.ENSP00000366525,9606.ENSP00000497910	ATP6V1A,FTH1,ATP6V0D1,ISCU,FTL,B2M
GO:1901798	Positive regulation of signal transduction by p53 class mediator	4	30	1.12	0.4	0.0328	9606.ENSP00000274242,9606.ENSP00000429374,9606.ENSP00000466010,9606.ENSP00000496250	RPL37,RPS20,RPS15,RPL11
GO:0031110	Regulation of microtubule polymerization or depolymerization	6	88	0.83	0.37	0.0331	9606.ENSP00000296755,9606.ENSP00000300231,9606.ENSP00000353508,9606.ENSP00000396198,9606.ENSP00000429243,9606.ENSP00000500990	MAP1B,MAP1A,MAP2,FGF13,STMN2,SNCA
GO:0007417	Central nervous system development	23	1035	0.34	0.31	0.0336	9606.ENSP00000248121,9606.ENSP00000256854,9606.ENSP00000261205,9606.ENSP00000270349,9606.ENSP00000282928,9606.ENSP00000290949,9606.ENSP00000319281,9606.ENSP00000345229,9606.ENSP00000353508,9606.ENSP00000358865,9606.ENSP00000367050,9606.ENSP00000367939,9606.ENSP00000369981,9606.ENSP00000370571,9606.ENSP00000377372,9606.ENSP00000377494,9606.ENSP00000377823,9606.ENSP00000396198,9606.ENSP00000444688,9606.ENSP00000446007,9606.ENSP00000482169,9606.ENSP00000497474,9606.ENSP00000499717	SYNGR3,NARS1,SYT1,SLC6A3,ZIC1,ATP6V0D1,BASP1,DNER,MAP2,INA,RTN3,UQCRQ,SH3GL2,TH,GAP43,TAGLN3,NDRG4,FGF13,ATP1A3,VIM,NEFL,COX7B,CALM1
GO:0007409	Axonogenesis	12	363	0.52	0.33	0.0361	9606.ENSP00000284440,9606.ENSP00000290401,9606.ENSP00000296755,9606.ENSP00000300231,9606.ENSP00000311997,9606.ENSP00000320295,9606.ENSP00000359729,9606.ENSP00000362399,9606.ENSP00000377372,9606.ENSP00000377640,9606.ENSP00000386741,9606.ENSP00000482169	UCHL1,NPTN,MAP1B,MAP1A,NEFH,TUBB3,SLC9A6,STXBP1,GAP43,RPL24,CHN1,NEFL
GO:0016079	Synaptic vesicle exocytosis	5	58	0.93	0.37	0.0372	9606.ENSP00000254976,9606.ENSP00000261205,9606.ENSP00000358142,9606.ENSP00000362399,9606.ENSP00000500990	SNAP25,SYT1,SV2A,STXBP1,SNCA
GO:0006122	Mitochondrial electron transport, ubiquinol to cytochrome c	3	13	1.36	0.37	0.0448	9606.ENSP00000306397,9606.ENSP00000309565,9606.ENSP00000367939	UQCRFS1,UQCRH,UQCRQ
GO:0046928	Regulation of neurotransmitter secretion	6	94	0.8	0.34	0.0448	9606.ENSP00000239940,9606.ENSP00000255224,9606.ENSP00000261205,9606.ENSP00000362399,9606.ENSP00000499717,9606.ENSP00000500990	PFN2,SYT4,SYT1,STXBP1,CALM1,SNCA
GO:0051952	Regulation of amine transport	6	95	0.8	0.34	0.0467	9606.ENSP00000255224,9606.ENSP00000261205,9606.ENSP00000306788,9606.ENSP00000358142,9606.ENSP00000362399,9606.ENSP00000500990	SYT4,SYT1,ARL6IP1,SV2A,STXBP1,SNCA
GO:0031114	Regulation of microtubule depolymerization	4	34	1.07	0.35	0.0480	9606.ENSP00000296755,9606.ENSP00000300231,9606.ENSP00000396198,9606.ENSP00000429243	MAP1B,MAP1A,FGF13,STMN2
