#term ID	term description	observed gene count	background gene count	strength	signal	false discovery rate	matching proteins in your network (IDs)	matching proteins in your network (labels)
GO:0019646	Aerobic electron transport chain	6	87	2.29	4.88	1.03e-09	9606.ENSP00000258424,9606.ENSP00000276689,9606.ENSP00000359098,9606.ENSP00000362058,9606.ENSP00000367939,9606.ENSP00000425759	COX5B,NDUFB9,COX7A2,NDUFS5,UQCRQ,COX7C
GO:0042775	Mitochondrial ATP synthesis coupled electron transport	6	92	2.26	4.83	1.03e-09	9606.ENSP00000258424,9606.ENSP00000276689,9606.ENSP00000359098,9606.ENSP00000362058,9606.ENSP00000367939,9606.ENSP00000425759	COX5B,NDUFB9,COX7A2,NDUFS5,UQCRQ,COX7C
GO:0006123	Mitochondrial electron transport, cytochrome c to oxygen	3	23	2.56	2.48	0.00010	9606.ENSP00000258424,9606.ENSP00000359098,9606.ENSP00000425759	COX5B,COX7A2,COX7C
GO:0015986	Proton motive force-driven ATP synthesis	3	74	2.06	1.53	0.0026	9606.ENSP00000276689,9606.ENSP00000358840,9606.ENSP00000362058	NDUFB9,ATP5MD,NDUFS5
