#term ID	term description	observed gene count	background gene count	strength	signal	false discovery rate	matching proteins in your network (IDs)	matching proteins in your network (labels)
hsa00190	Oxidative phosphorylation	6	128	2.12	4.8	2.07e-10	9606.ENSP00000258424,9606.ENSP00000276689,9606.ENSP00000359098,9606.ENSP00000362058,9606.ENSP00000367939,9606.ENSP00000425759	COX5B,NDUFB9,COX7A2,NDUFS5,UQCRQ,COX7C
hsa04932	Non-alcoholic fatty liver disease	6	146	2.06	4.64	2.23e-10	9606.ENSP00000258424,9606.ENSP00000276689,9606.ENSP00000359098,9606.ENSP00000362058,9606.ENSP00000367939,9606.ENSP00000425759	COX5B,NDUFB9,COX7A2,NDUFS5,UQCRQ,COX7C
hsa04714	Thermogenesis	6	226	1.87	3.8	1.94e-09	9606.ENSP00000258424,9606.ENSP00000276689,9606.ENSP00000359098,9606.ENSP00000362058,9606.ENSP00000367939,9606.ENSP00000425759	COX5B,NDUFB9,COX7A2,NDUFS5,UQCRQ,COX7C
hsa05012	Parkinson disease	6	236	1.85	3.74	1.94e-09	9606.ENSP00000258424,9606.ENSP00000276689,9606.ENSP00000359098,9606.ENSP00000362058,9606.ENSP00000367939,9606.ENSP00000425759	COX5B,NDUFB9,COX7A2,NDUFS5,UQCRQ,COX7C
hsa05020	Prion disease	6	263	1.81	3.56	2.85e-09	9606.ENSP00000258424,9606.ENSP00000276689,9606.ENSP00000359098,9606.ENSP00000362058,9606.ENSP00000367939,9606.ENSP00000425759	COX5B,NDUFB9,COX7A2,NDUFS5,UQCRQ,COX7C
hsa05016	Huntington disease	6	295	1.76	3.36	4.68e-09	9606.ENSP00000258424,9606.ENSP00000276689,9606.ENSP00000359098,9606.ENSP00000362058,9606.ENSP00000367939,9606.ENSP00000425759	COX5B,NDUFB9,COX7A2,NDUFS5,UQCRQ,COX7C
hsa05010	Alzheimer disease	6	354	1.68	3.04	1.10e-08	9606.ENSP00000258424,9606.ENSP00000276689,9606.ENSP00000359098,9606.ENSP00000362058,9606.ENSP00000367939,9606.ENSP00000425759	COX5B,NDUFB9,COX7A2,NDUFS5,UQCRQ,COX7C
hsa05014	Amyotrophic lateral sclerosis	6	350	1.68	3.05	1.10e-08	9606.ENSP00000258424,9606.ENSP00000276689,9606.ENSP00000359098,9606.ENSP00000362058,9606.ENSP00000367939,9606.ENSP00000425759	COX5B,NDUFB9,COX7A2,NDUFS5,UQCRQ,COX7C
hsa04260	Cardiac muscle contraction	4	87	2.11	3.37	5.50e-07	9606.ENSP00000258424,9606.ENSP00000359098,9606.ENSP00000367939,9606.ENSP00000425759	COX5B,COX7A2,UQCRQ,COX7C
hsa01100	Metabolic pathways	6	1435	1.07	1.12	3.34e-05	9606.ENSP00000258424,9606.ENSP00000276689,9606.ENSP00000359098,9606.ENSP00000362058,9606.ENSP00000367939,9606.ENSP00000425759	COX5B,NDUFB9,COX7A2,NDUFS5,UQCRQ,COX7C
hsa04723	Retrograde endocannabinoid signaling	2	142	1.6	0.83	0.0332	9606.ENSP00000276689,9606.ENSP00000362058	NDUFB9,NDUFS5
