#term ID	term description	observed gene count	background gene count	strength	signal	false discovery rate	matching proteins in your network (IDs)	matching proteins in your network (labels)
hsa03010	Ribosome	41	131	2.05	14.2	2.65e-72	9606.ENSP00000225430,9606.ENSP00000230050,9606.ENSP00000259469,9606.ENSP00000270625,9606.ENSP00000274242,9606.ENSP00000294189,9606.ENSP00000296674,9606.ENSP00000307889,9606.ENSP00000311430,9606.ENSP00000339795,9606.ENSP00000341885,9606.ENSP00000346015,9606.ENSP00000346027,9606.ENSP00000346050,9606.ENSP00000354739,9606.ENSP00000355315,9606.ENSP00000361076,9606.ENSP00000369757,9606.ENSP00000375730,9606.ENSP00000377640,9606.ENSP00000378163,9606.ENSP00000379339,9606.ENSP00000388107,9606.ENSP00000389103,9606.ENSP00000393241,9606.ENSP00000403172,9606.ENSP00000404375,9606.ENSP00000414321,9606.ENSP00000416429,9606.ENSP00000418082,9606.ENSP00000428085,9606.ENSP00000429374,9606.ENSP00000447001,9606.ENSP00000449328,9606.ENSP00000466010,9606.ENSP00000470972,9606.ENSP00000472985,9606.ENSP00000481646,9606.ENSP00000496250,9606.ENSP00000498019,9606.ENSP00000499044	RPL19,RPS12,RPL35,RPS11,RPL37,RPL29,RPS23,RPL13,RPL4,RPL7,RPS2,RPL27A,RPL21,RPS3A,RPL12,RPL39,RPL7A,RPS6,RPL13A,RPL24,RPL34,RPS29,UBA52,RPL23A,RPS18,RPL6,RPL36A,RPS24,RPL32,RPL37A,RPL30,RPS20,RPL18,RPLP0,RPS15,RPS19,RPS5,RPS10,RPL11,RPS17,RPS27
hsa04612	Antigen processing and presentation	4	64	1.35	0.69	0.0064	9606.ENSP00000365402,9606.ENSP00000379873,9606.ENSP00000399168,9606.ENSP00000497910	HLA-C,HLA-A,HLA-B,B2M
hsa04940	Type I diabetes mellitus	3	38	1.45	0.58	0.0166	9606.ENSP00000365402,9606.ENSP00000379873,9606.ENSP00000399168	HLA-C,HLA-A,HLA-B
hsa05169	Epstein-Barr virus infection	5	192	0.97	0.51	0.0166	9606.ENSP00000365402,9606.ENSP00000379873,9606.ENSP00000399168,9606.ENSP00000446007,9606.ENSP00000497910	HLA-C,HLA-A,HLA-B,VIM,B2M
hsa05330	Allograft rejection	3	34	1.5	0.58	0.0166	9606.ENSP00000365402,9606.ENSP00000379873,9606.ENSP00000399168	HLA-C,HLA-A,HLA-B
hsa05332	Graft-versus-host disease	3	36	1.47	0.58	0.0166	9606.ENSP00000365402,9606.ENSP00000379873,9606.ENSP00000399168	HLA-C,HLA-A,HLA-B
hsa05320	Autoimmune thyroid disease	3	48	1.35	0.55	0.0186	9606.ENSP00000365402,9606.ENSP00000379873,9606.ENSP00000399168	HLA-C,HLA-A,HLA-B
hsa05416	Viral myocarditis	3	55	1.29	0.52	0.0237	9606.ENSP00000365402,9606.ENSP00000379873,9606.ENSP00000399168	HLA-C,HLA-A,HLA-B
