#term ID	term description	observed gene count	background gene count	strength	signal	false discovery rate	matching proteins in your network (IDs)	matching proteins in your network (labels)
HSA-112315	Transmission across Chemical Synapses	6	268	1.11	0.69	0.0057	9606.ENSP00000254976,9606.ENSP00000259455,9606.ENSP00000362399,9606.ENSP00000367743,9606.ENSP00000393097,9606.ENSP00000403362	SNAP25,GABBR2,STXBP1,TSPAN7,GABRA1,AP2M1
HSA-177504	Retrograde neurotrophin signalling	3	14	2.09	0.87	0.0057	9606.ENSP00000362014,9606.ENSP00000369981,9606.ENSP00000403362	DNM1,SH3GL2,AP2M1
HSA-9006934	Signaling by Receptor Tyrosine Kinases	8	521	0.95	0.63	0.0057	9606.ENSP00000290949,9606.ENSP00000302194,9606.ENSP00000361930,9606.ENSP00000362014,9606.ENSP00000369981,9606.ENSP00000393097,9606.ENSP00000403362,9606.ENSP00000479719	ATP6V0D1,ATP6V1G2,YWHAB,DNM1,SH3GL2,GABRA1,AP2M1,CYFIP2
HSA-5250992	Toxicity of botulinum toxin type E (botE)	2	3	2.59	0.7	0.0164	9606.ENSP00000254976,9606.ENSP00000358142	SNAP25,SV2A
HSA-187037	Signaling by NTRK1 (TRKA)	4	115	1.3	0.59	0.0197	9606.ENSP00000361930,9606.ENSP00000362014,9606.ENSP00000369981,9606.ENSP00000403362	YWHAB,DNM1,SH3GL2,AP2M1
HSA-373760	L1CAM interactions	4	120	1.29	0.59	0.0197	9606.ENSP00000362014,9606.ENSP00000369981,9606.ENSP00000377372,9606.ENSP00000403362	DNM1,SH3GL2,GAP43,AP2M1
HSA-5250968	Toxicity of botulinum toxin type A (botA)	2	4	2.46	0.67	0.0197	9606.ENSP00000254976,9606.ENSP00000358142	SNAP25,SV2A
HSA-437239	Recycling pathway of L1	3	48	1.56	0.61	0.0229	9606.ENSP00000362014,9606.ENSP00000369981,9606.ENSP00000403362	DNM1,SH3GL2,AP2M1
HSA-8856828	Clathrin-mediated endocytosis	4	145	1.2	0.54	0.0252	9606.ENSP00000362014,9606.ENSP00000369981,9606.ENSP00000400459,9606.ENSP00000403362	DNM1,SH3GL2,SNAP91,AP2M1
HSA-5663205	Infectious disease	8	917	0.7	0.41	0.0263	9606.ENSP00000254976,9606.ENSP00000358142,9606.ENSP00000361930,9606.ENSP00000369981,9606.ENSP00000379287,9606.ENSP00000403362,9606.ENSP00000444688,9606.ENSP00000479719	SNAP25,SV2A,YWHAB,SH3GL2,YWHAZ,AP2M1,ATP1A3,CYFIP2
HSA-196025	Formation of annular gap junctions	2	11	2.02	0.57	0.0338	9606.ENSP00000362014,9606.ENSP00000403362	DNM1,AP2M1
HSA-382551	Transport of small molecules	7	723	0.75	0.41	0.0338	9606.ENSP00000263160,9606.ENSP00000290949,9606.ENSP00000302194,9606.ENSP00000344801,9606.ENSP00000387694,9606.ENSP00000403362,9606.ENSP00000444688	SLC17A6,ATP6V0D1,ATP6V1G2,SLC24A2,SLC12A5,AP2M1,ATP1A3
HSA-75035	Chk1/Chk2(Cds1) mediated inactivation of Cyclin B:Cdk1 complex	2	13	1.95	0.55	0.0369	9606.ENSP00000361930,9606.ENSP00000379287	YWHAB,YWHAZ
HSA-9614399	Regulation of localization of FOXO transcription factors	2	12	1.98	0.56	0.0369	9606.ENSP00000361930,9606.ENSP00000379287	YWHAB,YWHAZ
HSA-9755779	SARS-CoV-2 targets host intracellular signalling and regulatory pathways	2	12	1.98	0.56	0.0369	9606.ENSP00000361930,9606.ENSP00000379287	YWHAB,YWHAZ
HSA-111447	Activation of BAD and translocation to mitochondria	2	15	1.89	0.52	0.0440	9606.ENSP00000361930,9606.ENSP00000379287	YWHAB,YWHAZ
HSA-9735871	SARS-CoV-1 targets host intracellular signalling and regulatory pathways	2	15	1.89	0.52	0.0440	9606.ENSP00000361930,9606.ENSP00000379287	YWHAB,YWHAZ
HSA-112314	Neurotransmitter receptors and postsynaptic signal transmission	4	204	1.06	0.45	0.0450	9606.ENSP00000259455,9606.ENSP00000367743,9606.ENSP00000393097,9606.ENSP00000403362	GABBR2,TSPAN7,GABRA1,AP2M1
HSA-392517	Rap1 signalling	2	16	1.86	0.52	0.0450	9606.ENSP00000361930,9606.ENSP00000379287	YWHAB,YWHAZ
HSA-264642	Acetylcholine Neurotransmitter Release Cycle	2	17	1.83	0.51	0.0460	9606.ENSP00000254976,9606.ENSP00000362399	SNAP25,STXBP1
HSA-416993	Trafficking of GluR2-containing AMPA receptors	2	17	1.83	0.51	0.0460	9606.ENSP00000367743,9606.ENSP00000403362	TSPAN7,AP2M1
HSA-181429	Serotonin Neurotransmitter Release Cycle	2	18	1.81	0.51	0.0471	9606.ENSP00000254976,9606.ENSP00000362399	SNAP25,STXBP1
HSA-181430	Norepinephrine Neurotransmitter Release Cycle	2	18	1.81	0.51	0.0471	9606.ENSP00000254976,9606.ENSP00000362399	SNAP25,STXBP1
HSA-888590	GABA synthesis, release, reuptake and degradation	2	19	1.79	0.51	0.0483	9606.ENSP00000254976,9606.ENSP00000362399	SNAP25,STXBP1
