#term ID	term description	observed gene count	background gene count	strength	signal	false discovery rate	matching proteins in your network (IDs)	matching proteins in your network (labels)
GO:0099504	Synaptic vesicle cycle	8	125	1.57	1.9	8.46e-07	9606.ENSP00000254976,9606.ENSP00000263160,9606.ENSP00000358142,9606.ENSP00000362014,9606.ENSP00000362399,9606.ENSP00000369981,9606.ENSP00000400459,9606.ENSP00000403362	SNAP25,SLC17A6,SV2A,DNM1,STXBP1,SH3GL2,SNAP91,AP2M1
GO:0007268	Chemical synaptic transmission	8	409	1.05	0.76	0.0022	9606.ENSP00000216200,9606.ENSP00000254976,9606.ENSP00000259455,9606.ENSP00000263160,9606.ENSP00000358142,9606.ENSP00000362399,9606.ENSP00000387694,9606.ENSP00000393097	PVALB,SNAP25,GABBR2,SLC17A6,SV2A,STXBP1,SLC12A5,GABRA1
GO:0016082	Synaptic vesicle priming	3	14	2.09	0.83	0.0070	9606.ENSP00000254976,9606.ENSP00000358142,9606.ENSP00000362399	SNAP25,SV2A,STXBP1
GO:0048488	Synaptic vesicle endocytosis	4	56	1.62	0.79	0.0070	9606.ENSP00000362014,9606.ENSP00000369981,9606.ENSP00000400459,9606.ENSP00000403362	DNM1,SH3GL2,SNAP91,AP2M1
GO:0051649	Establishment of localization in cell	13	1756	0.63	0.47	0.0070	9606.ENSP00000254976,9606.ENSP00000263160,9606.ENSP00000290949,9606.ENSP00000296755,9606.ENSP00000358142,9606.ENSP00000361930,9606.ENSP00000362014,9606.ENSP00000362399,9606.ENSP00000369981,9606.ENSP00000379287,9606.ENSP00000400459,9606.ENSP00000403362,9606.ENSP00000499717	SNAP25,SLC17A6,ATP6V0D1,MAP1B,SV2A,YWHAB,DNM1,STXBP1,SH3GL2,YWHAZ,SNAP91,AP2M1,CALM1
GO:0065008	Regulation of biological quality	18	3654	0.46	0.37	0.0092	9606.ENSP00000254976,9606.ENSP00000263160,9606.ENSP00000290949,9606.ENSP00000296755,9606.ENSP00000344801,9606.ENSP00000358142,9606.ENSP00000362399,9606.ENSP00000369981,9606.ENSP00000379287,9606.ENSP00000384719,9606.ENSP00000387694,9606.ENSP00000393097,9606.ENSP00000403362,9606.ENSP00000416341,9606.ENSP00000444688,9606.ENSP00000479719,9606.ENSP00000486891,9606.ENSP00000499717	SNAP25,SLC17A6,ATP6V0D1,MAP1B,SLC24A2,SV2A,STXBP1,SH3GL2,YWHAZ,VSNL1,SLC12A5,GABRA1,AP2M1,NELL2,ATP1A3,CYFIP2,TCF7L2,CALM1
GO:0051234	Establishment of localization	18	3946	0.42	0.32	0.0224	9606.ENSP00000254976,9606.ENSP00000263160,9606.ENSP00000290949,9606.ENSP00000296755,9606.ENSP00000302194,9606.ENSP00000344801,9606.ENSP00000358142,9606.ENSP00000361930,9606.ENSP00000362014,9606.ENSP00000362399,9606.ENSP00000369981,9606.ENSP00000379287,9606.ENSP00000387694,9606.ENSP00000393097,9606.ENSP00000400459,9606.ENSP00000403362,9606.ENSP00000444688,9606.ENSP00000499717	SNAP25,SLC17A6,ATP6V0D1,MAP1B,ATP6V1G2,SLC24A2,SV2A,YWHAB,DNM1,STXBP1,SH3GL2,YWHAZ,SLC12A5,GABRA1,SNAP91,AP2M1,ATP1A3,CALM1
GO:0051640	Organelle localization	7	514	0.9	0.48	0.0244	9606.ENSP00000254976,9606.ENSP00000296755,9606.ENSP00000362014,9606.ENSP00000362399,9606.ENSP00000379287,9606.ENSP00000400459,9606.ENSP00000499717	SNAP25,MAP1B,DNM1,STXBP1,YWHAZ,SNAP91,CALM1
GO:0098660	Inorganic ion transmembrane transport	8	743	0.8	0.43	0.0295	9606.ENSP00000254976,9606.ENSP00000263160,9606.ENSP00000290949,9606.ENSP00000302194,9606.ENSP00000344801,9606.ENSP00000387694,9606.ENSP00000393097,9606.ENSP00000444688	SNAP25,SLC17A6,ATP6V0D1,ATP6V1G2,SLC24A2,SLC12A5,GABRA1,ATP1A3
GO:0007399	Nervous system development	13	2188	0.54	0.34	0.0335	9606.ENSP00000290949,9606.ENSP00000296755,9606.ENSP00000362399,9606.ENSP00000369981,9606.ENSP00000377372,9606.ENSP00000377494,9606.ENSP00000379287,9606.ENSP00000386741,9606.ENSP00000387694,9606.ENSP00000393097,9606.ENSP00000444688,9606.ENSP00000479719,9606.ENSP00000499717	ATP6V0D1,MAP1B,STXBP1,SH3GL2,GAP43,TAGLN3,YWHAZ,CHN1,SLC12A5,GABRA1,ATP1A3,CYFIP2,CALM1
GO:0006810	Transport	17	3785	0.42	0.29	0.0443	9606.ENSP00000254976,9606.ENSP00000263160,9606.ENSP00000290949,9606.ENSP00000296755,9606.ENSP00000302194,9606.ENSP00000344801,9606.ENSP00000358142,9606.ENSP00000361930,9606.ENSP00000362014,9606.ENSP00000362399,9606.ENSP00000369981,9606.ENSP00000379287,9606.ENSP00000387694,9606.ENSP00000393097,9606.ENSP00000400459,9606.ENSP00000403362,9606.ENSP00000444688	SNAP25,SLC17A6,ATP6V0D1,MAP1B,ATP6V1G2,SLC24A2,SV2A,YWHAB,DNM1,STXBP1,SH3GL2,YWHAZ,SLC12A5,GABRA1,SNAP91,AP2M1,ATP1A3
